,Game_Id,Period,Team,Player,Player_Id,Start,End,Duration,Date
0,20825,1,TOR,MICHAEL HUTCHINSON,8474636,0.0,1200.0,1200.0,2020-02-05
1,20825,1,NYR,CHRIS KREIDER,8475184,0.0,41.0,41.0,2020-02-05
2,20825,1,TOR,TYSON BARRIE,8475197,0.0,41.0,41.0,2020-02-05
3,20825,1,TOR,ZACH HYMAN,8475786,0.0,49.0,49.0,2020-02-05
4,20825,1,NYR,MIKA ZIBANEJAD,8476459,0.0,41.0,41.0,2020-02-05
5,20825,1,NYR,PAVEL BUCHNEVICH,8477402,0.0,41.0,41.0,2020-02-05
6,20825,1,NYR,IGOR SHESTERKIN,8478048,0.0,1200.0,1200.0,2020-02-05
7,20825,1,TOR,TRAVIS DERMOTT,8478408,0.0,54.0,54.0,2020-02-05
8,20825,1,TOR,MITCHELL MARNER,8478483,0.0,49.0,49.0,2020-02-05
9,20825,1,TOR,AUSTON MATTHEWS,8479318,0.0,41.0,41.0,2020-02-05
10,20825,1,NYR,ADAM FOX,8479323,0.0,41.0,41.0,2020-02-05
11,20825,1,NYR,RYAN LINDGREN,8479324,0.0,41.0,41.0,2020-02-05
12,20825,1,TOR,JOHN TAVARES,8475166,41.0,72.0,31.0,2020-02-05
13,20825,1,TOR,JUSTIN HOLL,8475718,41.0,102.0,61.0,2020-02-05
14,20825,1,NYR,JESPER FAST,8475855,41.0,72.0,31.0,2020-02-05
15,20825,1,NYR,BRADY SKJEI,8476869,41.0,72.0,31.0,2020-02-05
16,20825,1,NYR,JACOB TROUBA,8476885,41.0,72.0,31.0,2020-02-05
17,20825,1,NYR,ARTEMI PANARIN,8478550,41.0,72.0,31.0,2020-02-05
18,20825,1,NYR,FILIP CHYTIL,8480078,41.0,72.0,31.0,2020-02-05
19,20825,1,TOR,ALEXANDER KERFOOT,8477021,49.0,72.0,23.0,2020-02-05
20,20825,1,TOR,WILLIAM NYLANDER,8477939,49.0,72.0,23.0,2020-02-05
21,20825,1,TOR,JAKE MUZZIN,8474162,54.0,112.0,58.0,2020-02-05
22,20825,1,NYR,MARC STAAL,8471686,72.0,103.0,31.0,2020-02-05
23,20825,1,NYR,RYAN STROME,8476458,72.0,113.0,41.0,2020-02-05
24,20825,1,TOR,ANDREAS JOHNSSON,8477341,72.0,112.0,40.0,2020-02-05
25,20825,1,NYR,ANTHONY DEANGELO,8477950,72.0,103.0,31.0,2020-02-05
26,20825,1,TOR,KASPERI KAPANEN,8477953,72.0,116.0,44.0,2020-02-05
27,20825,1,NYR,BRENDAN LEMIEUX,8477962,72.0,116.0,44.0,2020-02-05
28,20825,1,TOR,PIERRE ENGVALL,8478115,72.0,112.0,40.0,2020-02-05
29,20825,1,NYR,KAAPO KAKKO,8481554,72.0,113.0,41.0,2020-02-05
30,20825,1,TOR,CODY CECI,8476879,102.0,148.0,46.0,2020-02-05
31,20825,1,NYR,ADAM FOX,8479323,103.0,157.0,54.0,2020-02-05
32,20825,1,NYR,RYAN LINDGREN,8479324,103.0,175.0,72.0,2020-02-05
33,20825,1,TOR,JASON SPEZZA,8469455,112.0,159.0,47.0,2020-02-05
34,20825,1,TOR,DMYTRO TIMASHOV,8478857,112.0,166.0,54.0,2020-02-05
35,20825,1,TOR,RASMUS SANDIN,8480873,112.0,148.0,36.0,2020-02-05
36,20825,1,NYR,GREG MCKEGG,8475735,113.0,177.0,64.0,2020-02-05
37,20825,1,NYR,BRETT HOWDEN,8479353,113.0,177.0,64.0,2020-02-05
38,20825,1,NYR,PHILLIP DI GIUSEPPE,8476858,116.0,170.0,54.0,2020-02-05
39,20825,1,TOR,TREVOR MOORE,8479675,116.0,162.0,46.0,2020-02-05
40,20825,1,TOR,TYSON BARRIE,8475197,148.0,191.0,43.0,2020-02-05
41,20825,1,TOR,TRAVIS DERMOTT,8478408,148.0,191.0,43.0,2020-02-05
42,20825,1,NYR,BRADY SKJEI,8476869,157.0,191.0,34.0,2020-02-05
43,20825,1,TOR,AUSTON MATTHEWS,8479318,159.0,191.0,32.0,2020-02-05
44,20825,1,TOR,MITCHELL MARNER,8478483,162.0,237.0,75.0,2020-02-05
45,20825,1,TOR,ZACH HYMAN,8475786,166.0,191.0,25.0,2020-02-05
46,20825,1,NYR,CHRIS KREIDER,8475184,170.0,261.0,91.0,2020-02-05
47,20825,1,NYR,JACOB TROUBA,8476885,175.0,191.0,16.0,2020-02-05
48,20825,1,NYR,MIKA ZIBANEJAD,8476459,177.0,261.0,84.0,2020-02-05
49,20825,1,NYR,PAVEL BUCHNEVICH,8477402,177.0,191.0,14.0,2020-02-05
50,20825,1,TOR,JAKE MUZZIN,8474162,191.0,237.0,46.0,2020-02-05
51,20825,1,NYR,RYAN STROME,8476458,191.0,238.0,47.0,2020-02-05
52,20825,1,TOR,CODY CECI,8476879,191.0,237.0,46.0,2020-02-05
53,20825,1,NYR,ANTHONY DEANGELO,8477950,191.0,248.0,57.0,2020-02-05
54,20825,1,TOR,PIERRE ENGVALL,8478115,191.0,245.0,54.0,2020-02-05
55,20825,1,NYR,ARTEMI PANARIN,8478550,191.0,261.0,70.0,2020-02-05
56,20825,1,TOR,JUSTIN HOLL,8475718,237.0,313.0,76.0,2020-02-05
57,20825,1,TOR,KASPERI KAPANEN,8477953,237.0,276.0,39.0,2020-02-05
58,20825,1,TOR,TRAVIS DERMOTT,8478408,237.0,313.0,76.0,2020-02-05
59,20825,1,NYR,KAAPO KAKKO,8481554,238.0,307.0,69.0,2020-02-05
60,20825,1,TOR,ALEXANDER KERFOOT,8477021,245.0,261.0,16.0,2020-02-05
61,20825,1,NYR,ADAM FOX,8479323,248.0,307.0,59.0,2020-02-05
62,20825,1,TOR,ANDREAS JOHNSSON,8477341,261.0,309.0,48.0,2020-02-05
63,20825,1,NYR,PAVEL BUCHNEVICH,8477402,261.0,307.0,46.0,2020-02-05
64,20825,1,NYR,BRENDAN LEMIEUX,8477962,261.0,307.0,46.0,2020-02-05
65,20825,1,NYR,JACOB TROUBA,8476885,276.0,332.0,56.0,2020-02-05
66,20825,1,TOR,TREVOR MOORE,8479675,276.0,305.0,29.0,2020-02-05
67,20825,1,TOR,MITCHELL MARNER,8478483,305.0,377.0,72.0,2020-02-05
68,20825,1,NYR,JESPER FAST,8475855,307.0,348.0,41.0,2020-02-05
69,20825,1,NYR,BRETT HOWDEN,8479353,307.0,343.0,36.0,2020-02-05
70,20825,1,NYR,FILIP CHYTIL,8480078,307.0,415.0,108.0,2020-02-05
71,20825,1,TOR,AUSTON MATTHEWS,8479318,309.0,373.0,64.0,2020-02-05
72,20825,1,TOR,ZACH HYMAN,8475786,311.0,390.0,79.0,2020-02-05
73,20825,1,TOR,JAKE MUZZIN,8474162,313.0,347.0,34.0,2020-02-05
74,20825,1,TOR,CODY CECI,8476879,313.0,347.0,34.0,2020-02-05
75,20825,1,NYR,ADAM FOX,8479323,325.0,332.0,7.0,2020-02-05
76,20825,1,NYR,BRADY SKJEI,8476869,332.0,380.0,48.0,2020-02-05
77,20825,1,NYR,RYAN LINDGREN,8479324,332.0,380.0,48.0,2020-02-05
78,20825,1,NYR,KAAPO KAKKO,8481554,343.0,352.0,9.0,2020-02-05
79,20825,1,TOR,TYSON BARRIE,8475197,347.0,400.0,53.0,2020-02-05
80,20825,1,TOR,RASMUS SANDIN,8480873,347.0,398.0,51.0,2020-02-05
81,20825,1,NYR,PAVEL BUCHNEVICH,8477402,348.0,415.0,67.0,2020-02-05
82,20825,1,NYR,CHRIS KREIDER,8475184,352.0,415.0,63.0,2020-02-05
83,20825,1,TOR,JOHN TAVARES,8475166,373.0,456.0,83.0,2020-02-05
84,20825,1,TOR,ALEXANDER KERFOOT,8477021,377.0,454.0,77.0,2020-02-05
85,20825,1,NYR,MARC STAAL,8471686,380.0,415.0,35.0,2020-02-05
86,20825,1,NYR,ANTHONY DEANGELO,8477950,380.0,415.0,35.0,2020-02-05
87,20825,1,TOR,WILLIAM NYLANDER,8477939,390.0,456.0,66.0,2020-02-05
88,20825,1,TOR,CODY CECI,8476879,398.0,415.0,17.0,2020-02-05
89,20825,1,TOR,TRAVIS DERMOTT,8478408,400.0,415.0,15.0,2020-02-05
90,20825,1,TOR,JAKE MUZZIN,8474162,415.0,456.0,41.0,2020-02-05
91,20825,1,TOR,JUSTIN HOLL,8475718,415.0,456.0,41.0,2020-02-05
92,20825,1,NYR,JESPER FAST,8475855,415.0,456.0,41.0,2020-02-05
93,20825,1,NYR,MIKA ZIBANEJAD,8476459,415.0,456.0,41.0,2020-02-05
94,20825,1,NYR,BRADY SKJEI,8476869,415.0,456.0,41.0,2020-02-05
95,20825,1,NYR,JACOB TROUBA,8476885,415.0,456.0,41.0,2020-02-05
96,20825,1,NYR,ARTEMI PANARIN,8478550,415.0,456.0,41.0,2020-02-05
97,20825,1,TOR,MITCHELL MARNER,8478483,454.0,498.0,44.0,2020-02-05
98,20825,1,NYR,CHRIS KREIDER,8475184,456.0,498.0,42.0,2020-02-05
99,20825,1,TOR,TYSON BARRIE,8475197,456.0,498.0,42.0,2020-02-05
100,20825,1,TOR,ZACH HYMAN,8475786,456.0,498.0,42.0,2020-02-05
101,20825,1,NYR,RYAN STROME,8476458,456.0,498.0,42.0,2020-02-05
102,20825,1,NYR,PAVEL BUCHNEVICH,8477402,456.0,498.0,42.0,2020-02-05
103,20825,1,TOR,TRAVIS DERMOTT,8478408,456.0,498.0,42.0,2020-02-05
104,20825,1,TOR,AUSTON MATTHEWS,8479318,456.0,498.0,42.0,2020-02-05
105,20825,1,NYR,ADAM FOX,8479323,456.0,498.0,42.0,2020-02-05
106,20825,1,NYR,RYAN LINDGREN,8479324,456.0,498.0,42.0,2020-02-05
107,20825,1,NYR,MARC STAAL,8471686,498.0,530.0,32.0,2020-02-05
108,20825,1,TOR,CODY CECI,8476879,498.0,530.0,32.0,2020-02-05
109,20825,1,TOR,ANDREAS JOHNSSON,8477341,498.0,530.0,32.0,2020-02-05
110,20825,1,NYR,ANTHONY DEANGELO,8477950,498.0,530.0,32.0,2020-02-05
111,20825,1,TOR,KASPERI KAPANEN,8477953,498.0,530.0,32.0,2020-02-05
112,20825,1,NYR,BRENDAN LEMIEUX,8477962,498.0,530.0,32.0,2020-02-05
113,20825,1,TOR,PIERRE ENGVALL,8478115,498.0,530.0,32.0,2020-02-05
114,20825,1,NYR,FILIP CHYTIL,8480078,498.0,530.0,32.0,2020-02-05
115,20825,1,TOR,RASMUS SANDIN,8480873,498.0,530.0,32.0,2020-02-05
116,20825,1,NYR,KAAPO KAKKO,8481554,498.0,530.0,32.0,2020-02-05
117,20825,1,TOR,JAKE MUZZIN,8474162,530.0,582.0,52.0,2020-02-05
118,20825,1,TOR,JOHN TAVARES,8475166,530.0,590.0,60.0,2020-02-05
119,20825,1,NYR,CHRIS KREIDER,8475184,530.0,575.0,45.0,2020-02-05
120,20825,1,TOR,JUSTIN HOLL,8475718,530.0,590.0,60.0,2020-02-05
121,20825,1,NYR,MIKA ZIBANEJAD,8476459,530.0,593.0,63.0,2020-02-05
122,20825,1,TOR,ALEXANDER KERFOOT,8477021,530.0,590.0,60.0,2020-02-05
123,20825,1,NYR,PAVEL BUCHNEVICH,8477402,530.0,588.0,58.0,2020-02-05
124,20825,1,TOR,WILLIAM NYLANDER,8477939,530.0,590.0,60.0,2020-02-05
125,20825,1,NYR,ADAM FOX,8479323,530.0,581.0,51.0,2020-02-05
126,20825,1,NYR,RYAN LINDGREN,8479324,530.0,565.0,35.0,2020-02-05
127,20825,1,NYR,BRADY SKJEI,8476869,565.0,620.0,55.0,2020-02-05
128,20825,1,NYR,ARTEMI PANARIN,8478550,575.0,649.0,74.0,2020-02-05
129,20825,1,NYR,JACOB TROUBA,8476885,581.0,638.0,57.0,2020-02-05
130,20825,1,TOR,TYSON BARRIE,8475197,582.0,650.0,68.0,2020-02-05
131,20825,1,NYR,JESPER FAST,8475855,588.0,666.0,78.0,2020-02-05
132,20825,1,TOR,ZACH HYMAN,8475786,590.0,655.0,65.0,2020-02-05
133,20825,1,TOR,TRAVIS DERMOTT,8478408,590.0,650.0,60.0,2020-02-05
134,20825,1,TOR,MITCHELL MARNER,8478483,590.0,650.0,60.0,2020-02-05
135,20825,1,TOR,AUSTON MATTHEWS,8479318,590.0,640.0,50.0,2020-02-05
136,20825,1,NYR,RYAN STROME,8476458,593.0,633.0,40.0,2020-02-05
137,20825,1,NYR,MARC STAAL,8471686,620.0,690.0,70.0,2020-02-05
138,20825,1,NYR,KAAPO KAKKO,8481554,633.0,643.0,10.0,2020-02-05
139,20825,1,NYR,ANTHONY DEANGELO,8477950,638.0,690.0,52.0,2020-02-05
140,20825,1,TOR,JASON SPEZZA,8469455,640.0,690.0,50.0,2020-02-05
141,20825,1,NYR,GREG MCKEGG,8475735,643.0,690.0,47.0,2020-02-05
142,20825,1,NYR,PHILLIP DI GIUSEPPE,8476858,649.0,690.0,41.0,2020-02-05
143,20825,1,TOR,CODY CECI,8476879,650.0,690.0,40.0,2020-02-05
144,20825,1,TOR,TREVOR MOORE,8479675,650.0,690.0,40.0,2020-02-05
145,20825,1,TOR,RASMUS SANDIN,8480873,650.0,690.0,40.0,2020-02-05
146,20825,1,TOR,DMYTRO TIMASHOV,8478857,655.0,690.0,35.0,2020-02-05
147,20825,1,NYR,BRETT HOWDEN,8479353,666.0,690.0,24.0,2020-02-05
148,20825,1,TOR,TYSON BARRIE,8475197,690.0,766.0,76.0,2020-02-05
149,20825,1,NYR,JESPER FAST,8475855,690.0,766.0,76.0,2020-02-05
150,20825,1,NYR,RYAN STROME,8476458,690.0,766.0,76.0,2020-02-05
151,20825,1,TOR,ANDREAS JOHNSSON,8477341,690.0,766.0,76.0,2020-02-05
152,20825,1,TOR,KASPERI KAPANEN,8477953,690.0,775.0,85.0,2020-02-05
153,20825,1,NYR,BRENDAN LEMIEUX,8477962,690.0,766.0,76.0,2020-02-05
154,20825,1,TOR,PIERRE ENGVALL,8478115,690.0,766.0,76.0,2020-02-05
155,20825,1,TOR,TRAVIS DERMOTT,8478408,690.0,766.0,76.0,2020-02-05
156,20825,1,NYR,ADAM FOX,8479323,690.0,780.0,90.0,2020-02-05
157,20825,1,NYR,RYAN LINDGREN,8479324,690.0,780.0,90.0,2020-02-05
158,20825,1,TOR,JAKE MUZZIN,8474162,766.0,811.0,45.0,2020-02-05
159,20825,1,TOR,JOHN TAVARES,8475166,766.0,839.0,73.0,2020-02-05
160,20825,1,TOR,JUSTIN HOLL,8475718,766.0,815.0,49.0,2020-02-05
161,20825,1,TOR,WILLIAM NYLANDER,8477939,766.0,833.0,67.0,2020-02-05
162,20825,1,NYR,ARTEMI PANARIN,8478550,766.0,843.0,77.0,2020-02-05
163,20825,1,NYR,FILIP CHYTIL,8480078,766.0,815.0,49.0,2020-02-05
164,20825,1,NYR,KAAPO KAKKO,8481554,766.0,834.0,68.0,2020-02-05
165,20825,1,TOR,ALEXANDER KERFOOT,8477021,775.0,827.0,52.0,2020-02-05
166,20825,1,NYR,BRADY SKJEI,8476869,780.0,829.0,49.0,2020-02-05
167,20825,1,NYR,JACOB TROUBA,8476885,780.0,829.0,49.0,2020-02-05
168,20825,1,TOR,CODY CECI,8476879,811.0,870.0,59.0,2020-02-05
169,20825,1,NYR,MIKA ZIBANEJAD,8476459,815.0,861.0,46.0,2020-02-05
170,20825,1,TOR,RASMUS SANDIN,8480873,815.0,862.0,47.0,2020-02-05
171,20825,1,TOR,MITCHELL MARNER,8478483,827.0,893.0,66.0,2020-02-05
172,20825,1,NYR,MARC STAAL,8471686,829.0,874.0,45.0,2020-02-05
173,20825,1,NYR,ANTHONY DEANGELO,8477950,829.0,874.0,45.0,2020-02-05
174,20825,1,TOR,ZACH HYMAN,8475786,833.0,910.0,77.0,2020-02-05
175,20825,1,NYR,PAVEL BUCHNEVICH,8477402,834.0,880.0,46.0,2020-02-05
176,20825,1,TOR,AUSTON MATTHEWS,8479318,839.0,906.0,67.0,2020-02-05
177,20825,1,NYR,CHRIS KREIDER,8475184,843.0,885.0,42.0,2020-02-05
178,20825,1,NYR,GREG MCKEGG,8475735,861.0,930.0,69.0,2020-02-05
179,20825,1,TOR,TYSON BARRIE,8475197,862.0,910.0,48.0,2020-02-05
180,20825,1,TOR,TRAVIS DERMOTT,8478408,870.0,910.0,40.0,2020-02-05
181,20825,1,NYR,ADAM FOX,8479323,874.0,930.0,56.0,2020-02-05
182,20825,1,NYR,RYAN LINDGREN,8479324,874.0,930.0,56.0,2020-02-05
183,20825,1,NYR,BRETT HOWDEN,8479353,880.0,930.0,50.0,2020-02-05
184,20825,1,NYR,PHILLIP DI GIUSEPPE,8476858,885.0,930.0,45.0,2020-02-05
185,20825,1,TOR,ALEXANDER KERFOOT,8477021,893.0,910.0,17.0,2020-02-05
186,20825,1,TOR,JOHN TAVARES,8475166,906.0,950.0,44.0,2020-02-05
187,20825,1,TOR,JAKE MUZZIN,8474162,910.0,967.0,57.0,2020-02-05
188,20825,1,TOR,JUSTIN HOLL,8475718,910.0,967.0,57.0,2020-02-05
189,20825,1,TOR,WILLIAM NYLANDER,8477939,910.0,950.0,40.0,2020-02-05
190,20825,1,TOR,AUSTON MATTHEWS,8479318,910.0,959.0,49.0,2020-02-05
191,20825,1,NYR,JESPER FAST,8475855,930.0,958.0,28.0,2020-02-05
192,20825,1,NYR,BRADY SKJEI,8476869,930.0,1008.0,78.0,2020-02-05
193,20825,1,NYR,JACOB TROUBA,8476885,930.0,1008.0,78.0,2020-02-05
194,20825,1,NYR,ARTEMI PANARIN,8478550,930.0,976.0,46.0,2020-02-05
195,20825,1,NYR,FILIP CHYTIL,8480078,930.0,976.0,46.0,2020-02-05
196,20825,1,TOR,JASON SPEZZA,8469455,950.0,1008.0,58.0,2020-02-05
197,20825,1,TOR,TREVOR MOORE,8479675,950.0,1008.0,58.0,2020-02-05
198,20825,1,NYR,KAAPO KAKKO,8481554,958.0,976.0,18.0,2020-02-05
199,20825,1,TOR,DMYTRO TIMASHOV,8478857,959.0,1008.0,49.0,2020-02-05
200,20825,1,TOR,TYSON BARRIE,8475197,967.0,1008.0,41.0,2020-02-05
201,20825,1,TOR,CODY CECI,8476879,967.0,976.0,9.0,2020-02-05
202,20825,1,NYR,GREG MCKEGG,8475735,976.0,1008.0,32.0,2020-02-05
203,20825,1,NYR,PHILLIP DI GIUSEPPE,8476858,976.0,1008.0,32.0,2020-02-05
204,20825,1,TOR,TRAVIS DERMOTT,8478408,976.0,1008.0,32.0,2020-02-05
205,20825,1,NYR,BRETT HOWDEN,8479353,976.0,1008.0,32.0,2020-02-05
206,20825,1,NYR,MARC STAAL,8471686,1008.0,1036.0,28.0,2020-02-05
207,20825,1,NYR,JESPER FAST,8475855,1008.0,1036.0,28.0,2020-02-05
208,20825,1,NYR,RYAN STROME,8476458,1008.0,1036.0,28.0,2020-02-05
209,20825,1,TOR,CODY CECI,8476879,1008.0,1036.0,28.0,2020-02-05
210,20825,1,TOR,ANDREAS JOHNSSON,8477341,1008.0,1036.0,28.0,2020-02-05
211,20825,1,NYR,ANTHONY DEANGELO,8477950,1008.0,1036.0,28.0,2020-02-05
212,20825,1,TOR,KASPERI KAPANEN,8477953,1008.0,1036.0,28.0,2020-02-05
213,20825,1,TOR,PIERRE ENGVALL,8478115,1008.0,1036.0,28.0,2020-02-05
214,20825,1,NYR,ARTEMI PANARIN,8478550,1008.0,1036.0,28.0,2020-02-05
215,20825,1,TOR,RASMUS SANDIN,8480873,1008.0,1036.0,28.0,2020-02-05
216,20825,1,TOR,JAKE MUZZIN,8474162,1036.0,1044.0,8.0,2020-02-05
217,20825,1,NYR,CHRIS KREIDER,8475184,1036.0,1044.0,8.0,2020-02-05
218,20825,1,TOR,JUSTIN HOLL,8475718,1036.0,1044.0,8.0,2020-02-05
219,20825,1,TOR,ZACH HYMAN,8475786,1036.0,1044.0,8.0,2020-02-05
220,20825,1,NYR,MIKA ZIBANEJAD,8476459,1036.0,1044.0,8.0,2020-02-05
221,20825,1,NYR,PAVEL BUCHNEVICH,8477402,1036.0,1044.0,8.0,2020-02-05
222,20825,1,TOR,MITCHELL MARNER,8478483,1036.0,1044.0,8.0,2020-02-05
223,20825,1,TOR,AUSTON MATTHEWS,8479318,1036.0,1044.0,8.0,2020-02-05
224,20825,1,NYR,ADAM FOX,8479323,1036.0,1105.0,69.0,2020-02-05
225,20825,1,NYR,RYAN LINDGREN,8479324,1036.0,1081.0,45.0,2020-02-05
226,20825,1,TOR,JOHN TAVARES,8475166,1044.0,1096.0,52.0,2020-02-05
227,20825,1,TOR,TYSON BARRIE,8475197,1044.0,1096.0,52.0,2020-02-05
228,20825,1,NYR,JESPER FAST,8475855,1044.0,1090.0,46.0,2020-02-05
229,20825,1,NYR,RYAN STROME,8476458,1044.0,1090.0,46.0,2020-02-05
230,20825,1,TOR,ALEXANDER KERFOOT,8477021,1044.0,1096.0,52.0,2020-02-05
231,20825,1,TOR,WILLIAM NYLANDER,8477939,1044.0,1089.0,45.0,2020-02-05
232,20825,1,TOR,TRAVIS DERMOTT,8478408,1044.0,1096.0,52.0,2020-02-05
233,20825,1,NYR,ARTEMI PANARIN,8478550,1044.0,1100.0,56.0,2020-02-05
234,20825,1,NYR,MARC STAAL,8471686,1081.0,1138.0,57.0,2020-02-05
235,20825,1,TOR,TREVOR MOORE,8479675,1089.0,1146.0,57.0,2020-02-05
236,20825,1,NYR,FILIP CHYTIL,8480078,1090.0,1143.0,53.0,2020-02-05
237,20825,1,NYR,KAAPO KAKKO,8481554,1090.0,1143.0,53.0,2020-02-05
238,20825,1,TOR,JASON SPEZZA,8469455,1096.0,1146.0,50.0,2020-02-05
239,20825,1,TOR,JAKE MUZZIN,8474162,1096.0,1147.0,51.0,2020-02-05
240,20825,1,TOR,CODY CECI,8476879,1096.0,1147.0,51.0,2020-02-05
241,20825,1,TOR,DMYTRO TIMASHOV,8478857,1096.0,1140.0,44.0,2020-02-05
242,20825,1,NYR,BRENDAN LEMIEUX,8477962,1100.0,1161.0,61.0,2020-02-05
243,20825,1,NYR,ANTHONY DEANGELO,8477950,1105.0,1165.0,60.0,2020-02-05
244,20825,1,NYR,BRADY SKJEI,8476869,1138.0,1200.0,62.0,2020-02-05
245,20825,1,TOR,ZACH HYMAN,8475786,1140.0,1200.0,60.0,2020-02-05
246,20825,1,NYR,MIKA ZIBANEJAD,8476459,1143.0,1200.0,57.0,2020-02-05
247,20825,1,NYR,PAVEL BUCHNEVICH,8477402,1143.0,1200.0,57.0,2020-02-05
248,20825,1,TOR,MITCHELL MARNER,8478483,1146.0,1200.0,54.0,2020-02-05
249,20825,1,TOR,AUSTON MATTHEWS,8479318,1146.0,1200.0,54.0,2020-02-05
250,20825,1,TOR,JUSTIN HOLL,8475718,1147.0,1200.0,53.0,2020-02-05
251,20825,1,TOR,RASMUS SANDIN,8480873,1147.0,1188.0,41.0,2020-02-05
252,20825,1,NYR,CHRIS KREIDER,8475184,1161.0,1200.0,39.0,2020-02-05
253,20825,1,NYR,JACOB TROUBA,8476885,1165.0,1200.0,35.0,2020-02-05
254,20825,1,TOR,TYSON BARRIE,8475197,1188.0,1200.0,12.0,2020-02-05
255,20825,2,TOR,MICHAEL HUTCHINSON,8474636,0.0,54.0,54.0,2020-02-05
256,20825,2,NYR,CHRIS KREIDER,8475184,0.0,59.0,59.0,2020-02-05
257,20825,2,TOR,TYSON BARRIE,8475197,0.0,119.0,119.0,2020-02-05
258,20825,2,TOR,ZACH HYMAN,8475786,0.0,59.0,59.0,2020-02-05
259,20825,2,NYR,MIKA ZIBANEJAD,8476459,0.0,59.0,59.0,2020-02-05
260,20825,2,NYR,PAVEL BUCHNEVICH,8477402,0.0,31.0,31.0,2020-02-05
261,20825,2,NYR,IGOR SHESTERKIN,8478048,0.0,1200.0,1200.0,2020-02-05
262,20825,2,TOR,TRAVIS DERMOTT,8478408,0.0,59.0,59.0,2020-02-05
263,20825,2,TOR,MITCHELL MARNER,8478483,0.0,134.0,134.0,2020-02-05
264,20825,2,TOR,AUSTON MATTHEWS,8479318,0.0,134.0,134.0,2020-02-05
265,20825,2,NYR,ADAM FOX,8479323,0.0,59.0,59.0,2020-02-05
266,20825,2,NYR,RYAN LINDGREN,8479324,0.0,59.0,59.0,2020-02-05
267,20825,2,NYR,JESPER FAST,8475855,31.0,59.0,28.0,2020-02-05
268,20825,2,TOR,WILLIAM NYLANDER,8477939,54.0,59.0,5.0,2020-02-05
269,20825,2,TOR,MICHAEL HUTCHINSON,8474636,59.0,1200.0,1141.0,2020-02-05
270,20825,2,TOR,JOHN TAVARES,8475166,59.0,134.0,75.0,2020-02-05
271,20825,2,NYR,JESPER FAST,8475855,59.0,120.0,61.0,2020-02-05
272,20825,2,NYR,RYAN STROME,8476458,59.0,111.0,52.0,2020-02-05
273,20825,2,NYR,BRADY SKJEI,8476869,59.0,135.0,76.0,2020-02-05
274,20825,2,NYR,JACOB TROUBA,8476885,59.0,116.0,57.0,2020-02-05
275,20825,2,TOR,WILLIAM NYLANDER,8477939,59.0,134.0,75.0,2020-02-05
276,20825,2,NYR,BRETT HOWDEN,8479353,111.0,162.0,51.0,2020-02-05
277,20825,2,NYR,MARC STAAL,8471686,116.0,162.0,46.0,2020-02-05
278,20825,2,TOR,RASMUS SANDIN,8480873,119.0,224.0,105.0,2020-02-05
279,20825,2,NYR,MIKA ZIBANEJAD,8476459,120.0,162.0,42.0,2020-02-05
280,20825,2,TOR,JASON SPEZZA,8469455,134.0,203.0,69.0,2020-02-05
281,20825,2,TOR,ZACH HYMAN,8475786,134.0,203.0,69.0,2020-02-05
282,20825,2,TOR,ANDREAS JOHNSSON,8477341,134.0,203.0,69.0,2020-02-05
283,20825,2,TOR,KASPERI KAPANEN,8477953,134.0,207.0,73.0,2020-02-05
284,20825,2,NYR,ADAM FOX,8479323,135.0,162.0,27.0,2020-02-05
285,20825,2,NYR,GREG MCKEGG,8475735,162.0,206.0,44.0,2020-02-05
286,20825,2,NYR,JESPER FAST,8475855,162.0,179.0,17.0,2020-02-05
287,20825,2,NYR,BRADY SKJEI,8476869,162.0,206.0,44.0,2020-02-05
288,20825,2,NYR,JACOB TROUBA,8476885,162.0,206.0,44.0,2020-02-05
289,20825,2,NYR,BRENDAN LEMIEUX,8477962,179.0,224.0,45.0,2020-02-05
290,20825,2,NYR,RYAN LINDGREN,8479324,179.0,206.0,27.0,2020-02-05
291,20825,2,TOR,JAKE MUZZIN,8474162,203.0,248.0,45.0,2020-02-05
292,20825,2,TOR,PIERRE ENGVALL,8478115,203.0,248.0,45.0,2020-02-05
293,20825,2,TOR,DMYTRO TIMASHOV,8478857,203.0,248.0,45.0,2020-02-05
294,20825,2,NYR,MARC STAAL,8471686,206.0,248.0,42.0,2020-02-05
295,20825,2,NYR,ANTHONY DEANGELO,8477950,206.0,248.0,42.0,2020-02-05
296,20825,2,NYR,ARTEMI PANARIN,8478550,206.0,248.0,42.0,2020-02-05
297,20825,2,NYR,FILIP CHYTIL,8480078,206.0,248.0,42.0,2020-02-05
298,20825,2,TOR,TREVOR MOORE,8479675,207.0,248.0,41.0,2020-02-05
299,20825,2,NYR,CHRIS KREIDER,8475184,224.0,383.0,159.0,2020-02-05
300,20825,2,TOR,JUSTIN HOLL,8475718,224.0,248.0,24.0,2020-02-05
301,20825,2,TOR,JOHN TAVARES,8475166,248.0,297.0,49.0,2020-02-05
302,20825,2,NYR,RYAN STROME,8476458,248.0,306.0,58.0,2020-02-05
303,20825,2,TOR,CODY CECI,8476879,248.0,297.0,49.0,2020-02-05
304,20825,2,TOR,ALEXANDER KERFOOT,8477021,248.0,312.0,64.0,2020-02-05
305,20825,2,NYR,PAVEL BUCHNEVICH,8477402,248.0,306.0,58.0,2020-02-05
306,20825,2,TOR,WILLIAM NYLANDER,8477939,248.0,306.0,58.0,2020-02-05
307,20825,2,TOR,TRAVIS DERMOTT,8478408,248.0,297.0,49.0,2020-02-05
308,20825,2,NYR,ADAM FOX,8479323,248.0,316.0,68.0,2020-02-05
309,20825,2,NYR,RYAN LINDGREN,8479324,248.0,286.0,38.0,2020-02-05
310,20825,2,NYR,JACOB TROUBA,8476885,286.0,316.0,30.0,2020-02-05
311,20825,2,TOR,TYSON BARRIE,8475197,297.0,316.0,19.0,2020-02-05
312,20825,2,TOR,AUSTON MATTHEWS,8479318,297.0,316.0,19.0,2020-02-05
313,20825,2,TOR,RASMUS SANDIN,8480873,297.0,316.0,19.0,2020-02-05
314,20825,2,TOR,ZACH HYMAN,8475786,306.0,316.0,10.0,2020-02-05
315,20825,2,NYR,JESPER FAST,8475855,306.0,316.0,10.0,2020-02-05
316,20825,2,NYR,MIKA ZIBANEJAD,8476459,306.0,410.0,104.0,2020-02-05
317,20825,2,TOR,MITCHELL MARNER,8478483,312.0,351.0,39.0,2020-02-05
318,20825,2,TOR,JAKE MUZZIN,8474162,316.0,383.0,67.0,2020-02-05
319,20825,2,NYR,RYAN STROME,8476458,316.0,352.0,36.0,2020-02-05
320,20825,2,TOR,CODY CECI,8476879,316.0,383.0,67.0,2020-02-05
321,20825,2,NYR,ANTHONY DEANGELO,8477950,316.0,399.0,83.0,2020-02-05
322,20825,2,TOR,PIERRE ENGVALL,8478115,316.0,351.0,35.0,2020-02-05
323,20825,2,NYR,ARTEMI PANARIN,8478550,316.0,383.0,67.0,2020-02-05
324,20825,2,TOR,ZACH HYMAN,8475786,351.0,410.0,59.0,2020-02-05
325,20825,2,TOR,KASPERI KAPANEN,8477953,351.0,410.0,59.0,2020-02-05
326,20825,2,NYR,KAAPO KAKKO,8481554,352.0,471.0,119.0,2020-02-05
327,20825,2,TOR,JUSTIN HOLL,8475718,383.0,410.0,27.0,2020-02-05
328,20825,2,NYR,BRENDAN LEMIEUX,8477962,383.0,410.0,27.0,2020-02-05
329,20825,2,TOR,TRAVIS DERMOTT,8478408,383.0,410.0,27.0,2020-02-05
330,20825,2,NYR,JESPER FAST,8475855,396.0,399.0,3.0,2020-02-05
331,20825,2,NYR,JACOB TROUBA,8476885,399.0,472.0,73.0,2020-02-05
332,20825,2,NYR,ADAM FOX,8479323,399.0,451.0,52.0,2020-02-05
333,20825,2,TOR,JAKE MUZZIN,8474162,410.0,461.0,51.0,2020-02-05
334,20825,2,TOR,CODY CECI,8476879,410.0,461.0,51.0,2020-02-05
335,20825,2,TOR,ALEXANDER KERFOOT,8477021,410.0,461.0,51.0,2020-02-05
336,20825,2,NYR,PAVEL BUCHNEVICH,8477402,410.0,451.0,41.0,2020-02-05
337,20825,2,TOR,MITCHELL MARNER,8478483,410.0,461.0,51.0,2020-02-05
338,20825,2,NYR,FILIP CHYTIL,8480078,410.0,451.0,41.0,2020-02-05
339,20825,2,TOR,TYSON BARRIE,8475197,436.0,502.0,66.0,2020-02-05
340,20825,2,NYR,JESPER FAST,8475855,451.0,472.0,21.0,2020-02-05
341,20825,2,NYR,MIKA ZIBANEJAD,8476459,451.0,502.0,51.0,2020-02-05
342,20825,2,NYR,BRADY SKJEI,8476869,451.0,472.0,21.0,2020-02-05
343,20825,2,TOR,JASON SPEZZA,8469455,461.0,472.0,11.0,2020-02-05
344,20825,2,TOR,ZACH HYMAN,8475786,461.0,502.0,41.0,2020-02-05
345,20825,2,TOR,AUSTON MATTHEWS,8479318,461.0,502.0,41.0,2020-02-05
346,20825,2,TOR,RASMUS SANDIN,8480873,461.0,472.0,11.0,2020-02-05
347,20825,2,NYR,CHRIS KREIDER,8475184,471.0,502.0,31.0,2020-02-05
348,20825,2,NYR,PAVEL BUCHNEVICH,8477402,472.0,502.0,30.0,2020-02-05
349,20825,2,TOR,TRAVIS DERMOTT,8478408,472.0,502.0,30.0,2020-02-05
350,20825,2,TOR,MITCHELL MARNER,8478483,472.0,502.0,30.0,2020-02-05
351,20825,2,NYR,ADAM FOX,8479323,472.0,502.0,30.0,2020-02-05
352,20825,2,NYR,RYAN LINDGREN,8479324,472.0,502.0,30.0,2020-02-05
353,20825,2,NYR,MARC STAAL,8471686,502.0,577.0,75.0,2020-02-05
354,20825,2,TOR,JAKE MUZZIN,8474162,502.0,546.0,44.0,2020-02-05
355,20825,2,TOR,JOHN TAVARES,8475166,502.0,567.0,65.0,2020-02-05
356,20825,2,TOR,JUSTIN HOLL,8475718,502.0,546.0,44.0,2020-02-05
357,20825,2,NYR,JESPER FAST,8475855,502.0,577.0,75.0,2020-02-05
358,20825,2,NYR,RYAN STROME,8476458,502.0,543.0,41.0,2020-02-05
359,20825,2,TOR,ALEXANDER KERFOOT,8477021,502.0,556.0,54.0,2020-02-05
360,20825,2,TOR,WILLIAM NYLANDER,8477939,502.0,546.0,44.0,2020-02-05
361,20825,2,NYR,ANTHONY DEANGELO,8477950,502.0,577.0,75.0,2020-02-05
362,20825,2,NYR,ARTEMI PANARIN,8478550,502.0,567.0,65.0,2020-02-05
363,20825,2,NYR,FILIP CHYTIL,8480078,543.0,600.0,57.0,2020-02-05
364,20825,2,TOR,CODY CECI,8476879,546.0,611.0,65.0,2020-02-05
365,20825,2,TOR,PIERRE ENGVALL,8478115,546.0,620.0,74.0,2020-02-05
366,20825,2,TOR,RASMUS SANDIN,8480873,546.0,611.0,65.0,2020-02-05
367,20825,2,TOR,ANDREAS JOHNSSON,8477341,556.0,620.0,64.0,2020-02-05
368,20825,2,TOR,KASPERI KAPANEN,8477953,567.0,625.0,58.0,2020-02-05
369,20825,2,NYR,BRENDAN LEMIEUX,8477962,567.0,609.0,42.0,2020-02-05
370,20825,2,NYR,BRADY SKJEI,8476869,577.0,623.0,46.0,2020-02-05
371,20825,2,NYR,JACOB TROUBA,8476885,577.0,623.0,46.0,2020-02-05
372,20825,2,NYR,KAAPO KAKKO,8481554,577.0,609.0,32.0,2020-02-05
373,20825,2,NYR,GREG MCKEGG,8475735,600.0,651.0,51.0,2020-02-05
374,20825,2,NYR,PHILLIP DI GIUSEPPE,8476858,609.0,651.0,42.0,2020-02-05
375,20825,2,NYR,BRETT HOWDEN,8479353,609.0,651.0,42.0,2020-02-05
376,20825,2,TOR,TYSON BARRIE,8475197,611.0,683.0,72.0,2020-02-05
377,20825,2,TOR,TRAVIS DERMOTT,8478408,611.0,670.0,59.0,2020-02-05
378,20825,2,TOR,ZACH HYMAN,8475786,620.0,679.0,59.0,2020-02-05
379,20825,2,TOR,AUSTON MATTHEWS,8479318,620.0,692.0,72.0,2020-02-05
380,20825,2,NYR,ADAM FOX,8479323,623.0,672.0,49.0,2020-02-05
381,20825,2,NYR,RYAN LINDGREN,8479324,623.0,672.0,49.0,2020-02-05
382,20825,2,TOR,MITCHELL MARNER,8478483,625.0,674.0,49.0,2020-02-05
383,20825,2,NYR,CHRIS KREIDER,8475184,651.0,708.0,57.0,2020-02-05
384,20825,2,NYR,MIKA ZIBANEJAD,8476459,651.0,704.0,53.0,2020-02-05
385,20825,2,NYR,PAVEL BUCHNEVICH,8477402,651.0,691.0,40.0,2020-02-05
386,20825,2,TOR,JAKE MUZZIN,8474162,670.0,723.0,53.0,2020-02-05
387,20825,2,NYR,MARC STAAL,8471686,672.0,716.0,44.0,2020-02-05
388,20825,2,NYR,ANTHONY DEANGELO,8477950,672.0,716.0,44.0,2020-02-05
389,20825,2,TOR,TREVOR MOORE,8479675,674.0,733.0,59.0,2020-02-05
390,20825,2,TOR,DMYTRO TIMASHOV,8478857,679.0,740.0,61.0,2020-02-05
391,20825,2,TOR,JUSTIN HOLL,8475718,683.0,748.0,65.0,2020-02-05
392,20825,2,NYR,JESPER FAST,8475855,691.0,755.0,64.0,2020-02-05
393,20825,2,TOR,JASON SPEZZA,8469455,692.0,733.0,41.0,2020-02-05
394,20825,2,NYR,RYAN STROME,8476458,704.0,755.0,51.0,2020-02-05
395,20825,2,NYR,ARTEMI PANARIN,8478550,708.0,755.0,47.0,2020-02-05
396,20825,2,NYR,BRADY SKJEI,8476869,716.0,755.0,39.0,2020-02-05
397,20825,2,NYR,JACOB TROUBA,8476885,716.0,755.0,39.0,2020-02-05
398,20825,2,TOR,CODY CECI,8476879,723.0,802.0,79.0,2020-02-05
399,20825,2,TOR,ANDREAS JOHNSSON,8477341,733.0,807.0,74.0,2020-02-05
400,20825,2,TOR,PIERRE ENGVALL,8478115,733.0,757.0,24.0,2020-02-05
401,20825,2,TOR,KASPERI KAPANEN,8477953,740.0,807.0,67.0,2020-02-05
402,20825,2,TOR,TYSON BARRIE,8475197,748.0,802.0,54.0,2020-02-05
403,20825,2,NYR,BRENDAN LEMIEUX,8477962,755.0,823.0,68.0,2020-02-05
404,20825,2,NYR,ADAM FOX,8479323,755.0,830.0,75.0,2020-02-05
405,20825,2,NYR,RYAN LINDGREN,8479324,755.0,817.0,62.0,2020-02-05
406,20825,2,NYR,FILIP CHYTIL,8480078,755.0,810.0,55.0,2020-02-05
407,20825,2,NYR,KAAPO KAKKO,8481554,755.0,805.0,50.0,2020-02-05
408,20825,2,TOR,JOHN TAVARES,8475166,757.0,816.0,59.0,2020-02-05
409,20825,2,TOR,TRAVIS DERMOTT,8478408,802.0,882.0,80.0,2020-02-05
410,20825,2,TOR,RASMUS SANDIN,8480873,802.0,830.0,28.0,2020-02-05
411,20825,2,NYR,BRETT HOWDEN,8479353,805.0,830.0,25.0,2020-02-05
412,20825,2,TOR,ALEXANDER KERFOOT,8477021,807.0,830.0,23.0,2020-02-05
413,20825,2,TOR,WILLIAM NYLANDER,8477939,807.0,830.0,23.0,2020-02-05
414,20825,2,NYR,GREG MCKEGG,8475735,810.0,830.0,20.0,2020-02-05
415,20825,2,TOR,AUSTON MATTHEWS,8479318,816.0,882.0,66.0,2020-02-05
416,20825,2,NYR,MARC STAAL,8471686,817.0,830.0,13.0,2020-02-05
417,20825,2,NYR,PHILLIP DI GIUSEPPE,8476858,823.0,830.0,7.0,2020-02-05
418,20825,2,NYR,CHRIS KREIDER,8475184,830.0,882.0,52.0,2020-02-05
419,20825,2,TOR,TYSON BARRIE,8475197,830.0,882.0,52.0,2020-02-05
420,20825,2,TOR,ZACH HYMAN,8475786,830.0,882.0,52.0,2020-02-05
421,20825,2,NYR,MIKA ZIBANEJAD,8476459,830.0,882.0,52.0,2020-02-05
422,20825,2,NYR,BRADY SKJEI,8476869,830.0,882.0,52.0,2020-02-05
423,20825,2,NYR,JACOB TROUBA,8476885,830.0,882.0,52.0,2020-02-05
424,20825,2,NYR,PAVEL BUCHNEVICH,8477402,830.0,882.0,52.0,2020-02-05
425,20825,2,TOR,MITCHELL MARNER,8478483,830.0,882.0,52.0,2020-02-05
426,20825,2,TOR,JAKE MUZZIN,8474162,882.0,958.0,76.0,2020-02-05
427,20825,2,TOR,JOHN TAVARES,8475166,882.0,950.0,68.0,2020-02-05
428,20825,2,TOR,JUSTIN HOLL,8475718,882.0,938.0,56.0,2020-02-05
429,20825,2,NYR,JESPER FAST,8475855,882.0,947.0,65.0,2020-02-05
430,20825,2,NYR,RYAN STROME,8476458,882.0,936.0,54.0,2020-02-05
431,20825,2,TOR,ALEXANDER KERFOOT,8477021,882.0,938.0,56.0,2020-02-05
432,20825,2,TOR,WILLIAM NYLANDER,8477939,882.0,947.0,65.0,2020-02-05
433,20825,2,NYR,ARTEMI PANARIN,8478550,882.0,936.0,54.0,2020-02-05
434,20825,2,NYR,ADAM FOX,8479323,882.0,970.0,88.0,2020-02-05
435,20825,2,NYR,RYAN LINDGREN,8479324,882.0,970.0,88.0,2020-02-05
436,20825,2,NYR,BRENDAN LEMIEUX,8477962,936.0,1016.0,80.0,2020-02-05
437,20825,2,NYR,FILIP CHYTIL,8480078,936.0,1016.0,80.0,2020-02-05
438,20825,2,TOR,PIERRE ENGVALL,8478115,938.0,1007.0,69.0,2020-02-05
439,20825,2,TOR,RASMUS SANDIN,8480873,938.0,1014.0,76.0,2020-02-05
440,20825,2,TOR,ANDREAS JOHNSSON,8477341,947.0,1016.0,69.0,2020-02-05
441,20825,2,NYR,KAAPO KAKKO,8481554,947.0,1016.0,69.0,2020-02-05
442,20825,2,TOR,KASPERI KAPANEN,8477953,950.0,1016.0,66.0,2020-02-05
443,20825,2,TOR,CODY CECI,8476879,958.0,1016.0,58.0,2020-02-05
444,20825,2,NYR,MARC STAAL,8471686,970.0,1016.0,46.0,2020-02-05
445,20825,2,NYR,ANTHONY DEANGELO,8477950,970.0,1016.0,46.0,2020-02-05
446,20825,2,TOR,AUSTON MATTHEWS,8479318,1007.0,1050.0,43.0,2020-02-05
447,20825,2,TOR,TRAVIS DERMOTT,8478408,1014.0,1050.0,36.0,2020-02-05
448,20825,2,NYR,CHRIS KREIDER,8475184,1016.0,1050.0,34.0,2020-02-05
449,20825,2,TOR,TYSON BARRIE,8475197,1016.0,1050.0,34.0,2020-02-05
450,20825,2,TOR,ZACH HYMAN,8475786,1016.0,1050.0,34.0,2020-02-05
451,20825,2,NYR,MIKA ZIBANEJAD,8476459,1016.0,1050.0,34.0,2020-02-05
452,20825,2,NYR,BRADY SKJEI,8476869,1016.0,1050.0,34.0,2020-02-05
453,20825,2,NYR,JACOB TROUBA,8476885,1016.0,1050.0,34.0,2020-02-05
454,20825,2,NYR,PAVEL BUCHNEVICH,8477402,1016.0,1050.0,34.0,2020-02-05
455,20825,2,TOR,MITCHELL MARNER,8478483,1016.0,1050.0,34.0,2020-02-05
456,20825,2,TOR,JAKE MUZZIN,8474162,1050.0,1091.0,41.0,2020-02-05
457,20825,2,TOR,JOHN TAVARES,8475166,1050.0,1091.0,41.0,2020-02-05
458,20825,2,TOR,JUSTIN HOLL,8475718,1050.0,1091.0,41.0,2020-02-05
459,20825,2,NYR,JESPER FAST,8475855,1050.0,1089.0,39.0,2020-02-05
460,20825,2,NYR,RYAN STROME,8476458,1050.0,1088.0,38.0,2020-02-05
461,20825,2,TOR,ALEXANDER KERFOOT,8477021,1050.0,1091.0,41.0,2020-02-05
462,20825,2,TOR,WILLIAM NYLANDER,8477939,1050.0,1091.0,41.0,2020-02-05
463,20825,2,NYR,ARTEMI PANARIN,8478550,1050.0,1089.0,39.0,2020-02-05
464,20825,2,NYR,ADAM FOX,8479323,1050.0,1089.0,39.0,2020-02-05
465,20825,2,NYR,RYAN LINDGREN,8479324,1050.0,1089.0,39.0,2020-02-05
466,20825,2,NYR,FILIP CHYTIL,8480078,1088.0,1104.0,16.0,2020-02-05
467,20825,2,NYR,MARC STAAL,8471686,1089.0,1144.0,55.0,2020-02-05
468,20825,2,NYR,PHILLIP DI GIUSEPPE,8476858,1089.0,1090.0,1.0,2020-02-05
469,20825,2,NYR,ANTHONY DEANGELO,8477950,1089.0,1090.0,1.0,2020-02-05
470,20825,2,NYR,BRETT HOWDEN,8479353,1089.0,1090.0,1.0,2020-02-05
471,20825,2,NYR,JESPER FAST,8475855,1090.0,1091.0,1.0,2020-02-05
472,20825,2,NYR,ARTEMI PANARIN,8478550,1090.0,1091.0,1.0,2020-02-05
473,20825,2,NYR,ADAM FOX,8479323,1090.0,1091.0,1.0,2020-02-05
474,20825,2,TOR,JASON SPEZZA,8469455,1091.0,1172.0,81.0,2020-02-05
475,20825,2,NYR,PHILLIP DI GIUSEPPE,8476858,1091.0,1126.0,35.0,2020-02-05
476,20825,2,TOR,CODY CECI,8476879,1091.0,1172.0,81.0,2020-02-05
477,20825,2,NYR,ANTHONY DEANGELO,8477950,1091.0,1144.0,53.0,2020-02-05
478,20825,2,TOR,DMYTRO TIMASHOV,8478857,1091.0,1172.0,81.0,2020-02-05
479,20825,2,NYR,BRETT HOWDEN,8479353,1091.0,1113.0,22.0,2020-02-05
480,20825,2,TOR,TREVOR MOORE,8479675,1091.0,1172.0,81.0,2020-02-05
481,20825,2,TOR,RASMUS SANDIN,8480873,1091.0,1172.0,81.0,2020-02-05
482,20825,2,NYR,MIKA ZIBANEJAD,8476459,1104.0,1172.0,68.0,2020-02-05
483,20825,2,NYR,GREG MCKEGG,8475735,1113.0,1151.0,38.0,2020-02-05
484,20825,2,NYR,CHRIS KREIDER,8475184,1126.0,1172.0,46.0,2020-02-05
485,20825,2,NYR,BRADY SKJEI,8476869,1144.0,1172.0,28.0,2020-02-05
486,20825,2,NYR,JACOB TROUBA,8476885,1144.0,1172.0,28.0,2020-02-05
487,20825,2,NYR,PAVEL BUCHNEVICH,8477402,1151.0,1172.0,21.0,2020-02-05
488,20825,2,TOR,JAKE MUZZIN,8474162,1172.0,1200.0,28.0,2020-02-05
489,20825,2,TOR,TYSON BARRIE,8475197,1172.0,1200.0,28.0,2020-02-05
490,20825,2,NYR,JESPER FAST,8475855,1172.0,1200.0,28.0,2020-02-05
491,20825,2,NYR,RYAN STROME,8476458,1172.0,1200.0,28.0,2020-02-05
492,20825,2,TOR,ANDREAS JOHNSSON,8477341,1172.0,1200.0,28.0,2020-02-05
493,20825,2,TOR,KASPERI KAPANEN,8477953,1172.0,1200.0,28.0,2020-02-05
494,20825,2,TOR,PIERRE ENGVALL,8478115,1172.0,1200.0,28.0,2020-02-05
495,20825,2,NYR,ARTEMI PANARIN,8478550,1172.0,1200.0,28.0,2020-02-05
496,20825,2,NYR,ADAM FOX,8479323,1172.0,1200.0,28.0,2020-02-05
497,20825,2,NYR,RYAN LINDGREN,8479324,1172.0,1200.0,28.0,2020-02-05
498,20825,3,TOR,MICHAEL HUTCHINSON,8474636,0.0,1090.0,1090.0,2020-02-05
499,20825,3,NYR,CHRIS KREIDER,8475184,0.0,36.0,36.0,2020-02-05
500,20825,3,TOR,TYSON BARRIE,8475197,0.0,36.0,36.0,2020-02-05
501,20825,3,TOR,ZACH HYMAN,8475786,0.0,36.0,36.0,2020-02-05
502,20825,3,NYR,MIKA ZIBANEJAD,8476459,0.0,36.0,36.0,2020-02-05
503,20825,3,NYR,PAVEL BUCHNEVICH,8477402,0.0,36.0,36.0,2020-02-05
504,20825,3,NYR,IGOR SHESTERKIN,8478048,0.0,1200.0,1200.0,2020-02-05
505,20825,3,TOR,TRAVIS DERMOTT,8478408,0.0,36.0,36.0,2020-02-05
506,20825,3,TOR,MITCHELL MARNER,8478483,0.0,36.0,36.0,2020-02-05
507,20825,3,TOR,AUSTON MATTHEWS,8479318,0.0,36.0,36.0,2020-02-05
508,20825,3,NYR,ADAM FOX,8479323,0.0,36.0,36.0,2020-02-05
509,20825,3,NYR,RYAN LINDGREN,8479324,0.0,36.0,36.0,2020-02-05
510,20825,3,TOR,JAKE MUZZIN,8474162,36.0,86.0,50.0,2020-02-05
511,20825,3,TOR,JOHN TAVARES,8475166,36.0,77.0,41.0,2020-02-05
512,20825,3,TOR,JUSTIN HOLL,8475718,36.0,86.0,50.0,2020-02-05
513,20825,3,NYR,JESPER FAST,8475855,36.0,75.0,39.0,2020-02-05
514,20825,3,NYR,RYAN STROME,8476458,36.0,81.0,45.0,2020-02-05
515,20825,3,NYR,BRADY SKJEI,8476869,36.0,92.0,56.0,2020-02-05
516,20825,3,NYR,JACOB TROUBA,8476885,36.0,92.0,56.0,2020-02-05
517,20825,3,TOR,ALEXANDER KERFOOT,8477021,36.0,77.0,41.0,2020-02-05
518,20825,3,TOR,WILLIAM NYLANDER,8477939,36.0,82.0,46.0,2020-02-05
519,20825,3,NYR,ARTEMI PANARIN,8478550,36.0,81.0,45.0,2020-02-05
520,20825,3,NYR,FILIP CHYTIL,8480078,75.0,132.0,57.0,2020-02-05
521,20825,3,TOR,KASPERI KAPANEN,8477953,77.0,134.0,57.0,2020-02-05
522,20825,3,TOR,PIERRE ENGVALL,8478115,77.0,123.0,46.0,2020-02-05
523,20825,3,NYR,BRENDAN LEMIEUX,8477962,81.0,132.0,51.0,2020-02-05
524,20825,3,NYR,BRETT HOWDEN,8479353,81.0,132.0,51.0,2020-02-05
525,20825,3,TOR,ANDREAS JOHNSSON,8477341,82.0,134.0,52.0,2020-02-05
526,20825,3,TOR,CODY CECI,8476879,86.0,134.0,48.0,2020-02-05
527,20825,3,TOR,TRAVIS DERMOTT,8478408,86.0,134.0,48.0,2020-02-05
528,20825,3,NYR,MARC STAAL,8471686,92.0,121.0,29.0,2020-02-05
529,20825,3,NYR,ANTHONY DEANGELO,8477950,92.0,142.0,50.0,2020-02-05
530,20825,3,NYR,RYAN LINDGREN,8479324,121.0,156.0,35.0,2020-02-05
531,20825,3,TOR,JASON SPEZZA,8469455,123.0,156.0,33.0,2020-02-05
532,20825,3,NYR,GREG MCKEGG,8475735,132.0,156.0,24.0,2020-02-05
533,20825,3,NYR,PHILLIP DI GIUSEPPE,8476858,132.0,156.0,24.0,2020-02-05
534,20825,3,NYR,KAAPO KAKKO,8481554,132.0,156.0,24.0,2020-02-05
535,20825,3,TOR,TYSON BARRIE,8475197,134.0,195.0,61.0,2020-02-05
536,20825,3,TOR,DMYTRO TIMASHOV,8478857,134.0,156.0,22.0,2020-02-05
537,20825,3,TOR,TREVOR MOORE,8479675,134.0,156.0,22.0,2020-02-05
538,20825,3,TOR,RASMUS SANDIN,8480873,134.0,175.0,41.0,2020-02-05
539,20825,3,NYR,ADAM FOX,8479323,142.0,156.0,14.0,2020-02-05
540,20825,3,NYR,CHRIS KREIDER,8475184,156.0,195.0,39.0,2020-02-05
541,20825,3,TOR,ZACH HYMAN,8475786,156.0,231.0,75.0,2020-02-05
542,20825,3,NYR,MIKA ZIBANEJAD,8476459,156.0,195.0,39.0,2020-02-05
543,20825,3,NYR,BRADY SKJEI,8476869,156.0,209.0,53.0,2020-02-05
544,20825,3,NYR,JACOB TROUBA,8476885,156.0,231.0,75.0,2020-02-05
545,20825,3,NYR,PAVEL BUCHNEVICH,8477402,156.0,195.0,39.0,2020-02-05
546,20825,3,TOR,MITCHELL MARNER,8478483,156.0,223.0,67.0,2020-02-05
547,20825,3,TOR,AUSTON MATTHEWS,8479318,156.0,223.0,67.0,2020-02-05
548,20825,3,TOR,JUSTIN HOLL,8475718,175.0,231.0,56.0,2020-02-05
549,20825,3,TOR,JAKE MUZZIN,8474162,195.0,231.0,36.0,2020-02-05
550,20825,3,NYR,JESPER FAST,8475855,195.0,231.0,36.0,2020-02-05
551,20825,3,NYR,ARTEMI PANARIN,8478550,195.0,231.0,36.0,2020-02-05
552,20825,3,NYR,RYAN STROME,8476458,205.0,231.0,26.0,2020-02-05
553,20825,3,NYR,MARC STAAL,8471686,209.0,231.0,22.0,2020-02-05
554,20825,3,TOR,JOHN TAVARES,8475166,223.0,256.0,33.0,2020-02-05
555,20825,3,TOR,ALEXANDER KERFOOT,8477021,223.0,256.0,33.0,2020-02-05
556,20825,3,NYR,GREG MCKEGG,8475735,231.0,339.0,108.0,2020-02-05
557,20825,3,TOR,CODY CECI,8476879,231.0,256.0,25.0,2020-02-05
558,20825,3,TOR,WILLIAM NYLANDER,8477939,231.0,256.0,25.0,2020-02-05
559,20825,3,NYR,BRENDAN LEMIEUX,8477962,231.0,339.0,108.0,2020-02-05
560,20825,3,TOR,TRAVIS DERMOTT,8478408,231.0,273.0,42.0,2020-02-05
561,20825,3,NYR,ADAM FOX,8479323,231.0,339.0,108.0,2020-02-05
562,20825,3,NYR,RYAN LINDGREN,8479324,231.0,339.0,108.0,2020-02-05
563,20825,3,NYR,BRETT HOWDEN,8479353,231.0,339.0,108.0,2020-02-05
564,20825,3,TOR,TYSON BARRIE,8475197,256.0,391.0,135.0,2020-02-05
565,20825,3,TOR,ANDREAS JOHNSSON,8477341,256.0,280.0,24.0,2020-02-05
566,20825,3,TOR,KASPERI KAPANEN,8477953,256.0,280.0,24.0,2020-02-05
567,20825,3,TOR,PIERRE ENGVALL,8478115,256.0,280.0,24.0,2020-02-05
568,20825,3,TOR,RASMUS SANDIN,8480873,273.0,316.0,43.0,2020-02-05
569,20825,3,TOR,ZACH HYMAN,8475786,280.0,316.0,36.0,2020-02-05
570,20825,3,TOR,MITCHELL MARNER,8478483,280.0,316.0,36.0,2020-02-05
571,20825,3,TOR,AUSTON MATTHEWS,8479318,280.0,316.0,36.0,2020-02-05
572,20825,3,TOR,JAKE MUZZIN,8474162,316.0,391.0,75.0,2020-02-05
573,20825,3,TOR,JOHN TAVARES,8475166,316.0,375.0,59.0,2020-02-05
574,20825,3,TOR,ALEXANDER KERFOOT,8477021,316.0,380.0,64.0,2020-02-05
575,20825,3,TOR,WILLIAM NYLANDER,8477939,316.0,375.0,59.0,2020-02-05
576,20825,3,NYR,MARC STAAL,8471686,339.0,417.0,78.0,2020-02-05
577,20825,3,NYR,CHRIS KREIDER,8475184,339.0,379.0,40.0,2020-02-05
578,20825,3,NYR,MIKA ZIBANEJAD,8476459,339.0,408.0,69.0,2020-02-05
579,20825,3,NYR,PAVEL BUCHNEVICH,8477402,339.0,404.0,65.0,2020-02-05
580,20825,3,NYR,ANTHONY DEANGELO,8477950,339.0,417.0,78.0,2020-02-05
581,20825,3,TOR,JASON SPEZZA,8469455,375.0,417.0,42.0,2020-02-05
582,20825,3,TOR,TREVOR MOORE,8479675,375.0,417.0,42.0,2020-02-05
583,20825,3,NYR,ARTEMI PANARIN,8478550,379.0,417.0,38.0,2020-02-05
584,20825,3,TOR,DMYTRO TIMASHOV,8478857,380.0,417.0,37.0,2020-02-05
585,20825,3,TOR,CODY CECI,8476879,391.0,417.0,26.0,2020-02-05
586,20825,3,TOR,TRAVIS DERMOTT,8478408,391.0,417.0,26.0,2020-02-05
587,20825,3,NYR,JESPER FAST,8475855,404.0,417.0,13.0,2020-02-05
588,20825,3,NYR,RYAN STROME,8476458,408.0,417.0,9.0,2020-02-05
589,20825,3,NYR,CHRIS KREIDER,8475184,417.0,481.0,64.0,2020-02-05
590,20825,3,TOR,TYSON BARRIE,8475197,417.0,495.0,78.0,2020-02-05
591,20825,3,TOR,ZACH HYMAN,8475786,417.0,481.0,64.0,2020-02-05
592,20825,3,NYR,MIKA ZIBANEJAD,8476459,417.0,481.0,64.0,2020-02-05
593,20825,3,NYR,BRADY SKJEI,8476869,417.0,481.0,64.0,2020-02-05
594,20825,3,NYR,JACOB TROUBA,8476885,417.0,481.0,64.0,2020-02-05
595,20825,3,NYR,PAVEL BUCHNEVICH,8477402,417.0,481.0,64.0,2020-02-05
596,20825,3,TOR,MITCHELL MARNER,8478483,417.0,481.0,64.0,2020-02-05
597,20825,3,TOR,AUSTON MATTHEWS,8479318,417.0,481.0,64.0,2020-02-05
598,20825,3,TOR,RASMUS SANDIN,8480873,417.0,450.0,33.0,2020-02-05
599,20825,3,TOR,JUSTIN HOLL,8475718,450.0,535.0,85.0,2020-02-05
600,20825,3,NYR,JESPER FAST,8475855,481.0,535.0,54.0,2020-02-05
601,20825,3,NYR,RYAN STROME,8476458,481.0,535.0,54.0,2020-02-05
602,20825,3,TOR,ANDREAS JOHNSSON,8477341,481.0,535.0,54.0,2020-02-05
603,20825,3,TOR,KASPERI KAPANEN,8477953,481.0,535.0,54.0,2020-02-05
604,20825,3,TOR,PIERRE ENGVALL,8478115,481.0,535.0,54.0,2020-02-05
605,20825,3,NYR,ARTEMI PANARIN,8478550,481.0,535.0,54.0,2020-02-05
606,20825,3,NYR,ADAM FOX,8479323,481.0,533.0,52.0,2020-02-05
607,20825,3,NYR,RYAN LINDGREN,8479324,481.0,533.0,52.0,2020-02-05
608,20825,3,TOR,JAKE MUZZIN,8474162,495.0,535.0,40.0,2020-02-05
609,20825,3,NYR,MARC STAAL,8471686,533.0,571.0,38.0,2020-02-05
610,20825,3,NYR,ANTHONY DEANGELO,8477950,533.0,571.0,38.0,2020-02-05
611,20825,3,TOR,JOHN TAVARES,8475166,535.0,591.0,56.0,2020-02-05
612,20825,3,NYR,GREG MCKEGG,8475735,535.0,571.0,36.0,2020-02-05
613,20825,3,NYR,PHILLIP DI GIUSEPPE,8476858,535.0,571.0,36.0,2020-02-05
614,20825,3,TOR,CODY CECI,8476879,535.0,585.0,50.0,2020-02-05
615,20825,3,TOR,ALEXANDER KERFOOT,8477021,535.0,595.0,60.0,2020-02-05
616,20825,3,TOR,WILLIAM NYLANDER,8477939,535.0,580.0,45.0,2020-02-05
617,20825,3,NYR,BRENDAN LEMIEUX,8477962,535.0,591.0,56.0,2020-02-05
618,20825,3,TOR,TRAVIS DERMOTT,8478408,535.0,591.0,56.0,2020-02-05
619,20825,3,NYR,BRADY SKJEI,8476869,571.0,614.0,43.0,2020-02-05
620,20825,3,NYR,JACOB TROUBA,8476885,571.0,614.0,43.0,2020-02-05
621,20825,3,NYR,BRETT HOWDEN,8479353,571.0,614.0,43.0,2020-02-05
622,20825,3,NYR,FILIP CHYTIL,8480078,571.0,614.0,43.0,2020-02-05
623,20825,3,TOR,TREVOR MOORE,8479675,580.0,614.0,34.0,2020-02-05
624,20825,3,TOR,JUSTIN HOLL,8475718,585.0,614.0,29.0,2020-02-05
625,20825,3,TOR,JASON SPEZZA,8469455,591.0,614.0,23.0,2020-02-05
626,20825,3,TOR,JAKE MUZZIN,8474162,591.0,614.0,23.0,2020-02-05
627,20825,3,NYR,KAAPO KAKKO,8481554,591.0,614.0,23.0,2020-02-05
628,20825,3,TOR,DMYTRO TIMASHOV,8478857,595.0,614.0,19.0,2020-02-05
629,20825,3,NYR,CHRIS KREIDER,8475184,614.0,637.0,23.0,2020-02-05
630,20825,3,TOR,TYSON BARRIE,8475197,614.0,637.0,23.0,2020-02-05
631,20825,3,TOR,ZACH HYMAN,8475786,614.0,637.0,23.0,2020-02-05
632,20825,3,NYR,MIKA ZIBANEJAD,8476459,614.0,637.0,23.0,2020-02-05
633,20825,3,NYR,PAVEL BUCHNEVICH,8477402,614.0,637.0,23.0,2020-02-05
634,20825,3,TOR,MITCHELL MARNER,8478483,614.0,637.0,23.0,2020-02-05
635,20825,3,TOR,AUSTON MATTHEWS,8479318,614.0,637.0,23.0,2020-02-05
636,20825,3,NYR,ADAM FOX,8479323,614.0,637.0,23.0,2020-02-05
637,20825,3,NYR,RYAN LINDGREN,8479324,614.0,637.0,23.0,2020-02-05
638,20825,3,TOR,RASMUS SANDIN,8480873,614.0,637.0,23.0,2020-02-05
639,20825,3,TOR,JASON SPEZZA,8469455,637.0,695.0,58.0,2020-02-05
640,20825,3,NYR,MARC STAAL,8471686,637.0,685.0,48.0,2020-02-05
641,20825,3,TOR,JAKE MUZZIN,8474162,637.0,695.0,58.0,2020-02-05
642,20825,3,NYR,JESPER FAST,8475855,637.0,685.0,48.0,2020-02-05
643,20825,3,NYR,RYAN STROME,8476458,637.0,677.0,40.0,2020-02-05
644,20825,3,TOR,ANDREAS JOHNSSON,8477341,637.0,695.0,58.0,2020-02-05
645,20825,3,NYR,ANTHONY DEANGELO,8477950,637.0,685.0,48.0,2020-02-05
646,20825,3,TOR,KASPERI KAPANEN,8477953,637.0,714.0,77.0,2020-02-05
647,20825,3,TOR,TRAVIS DERMOTT,8478408,637.0,710.0,73.0,2020-02-05
648,20825,3,NYR,ARTEMI PANARIN,8478550,637.0,685.0,48.0,2020-02-05
649,20825,3,NYR,FILIP CHYTIL,8480078,677.0,734.0,57.0,2020-02-05
650,20825,3,NYR,PHILLIP DI GIUSEPPE,8476858,685.0,715.0,30.0,2020-02-05
651,20825,3,NYR,BRADY SKJEI,8476869,685.0,734.0,49.0,2020-02-05
652,20825,3,NYR,JACOB TROUBA,8476885,685.0,734.0,49.0,2020-02-05
653,20825,3,NYR,BRENDAN LEMIEUX,8477962,685.0,734.0,49.0,2020-02-05
654,20825,3,TOR,JOHN TAVARES,8475166,695.0,749.0,54.0,2020-02-05
655,20825,3,TOR,TYSON BARRIE,8475197,695.0,749.0,54.0,2020-02-05
656,20825,3,TOR,WILLIAM NYLANDER,8477939,695.0,737.0,42.0,2020-02-05
657,20825,3,TOR,RASMUS SANDIN,8480873,710.0,749.0,39.0,2020-02-05
658,20825,3,TOR,ALEXANDER KERFOOT,8477021,714.0,749.0,35.0,2020-02-05
659,20825,3,NYR,CHRIS KREIDER,8475184,715.0,749.0,34.0,2020-02-05
660,20825,3,NYR,MIKA ZIBANEJAD,8476459,734.0,749.0,15.0,2020-02-05
661,20825,3,NYR,PAVEL BUCHNEVICH,8477402,734.0,749.0,15.0,2020-02-05
662,20825,3,NYR,ADAM FOX,8479323,734.0,778.0,44.0,2020-02-05
663,20825,3,NYR,RYAN LINDGREN,8479324,734.0,778.0,44.0,2020-02-05
664,20825,3,TOR,DMYTRO TIMASHOV,8478857,737.0,778.0,41.0,2020-02-05
665,20825,3,NYR,GREG MCKEGG,8475735,749.0,778.0,29.0,2020-02-05
666,20825,3,TOR,CODY CECI,8476879,749.0,778.0,29.0,2020-02-05
667,20825,3,TOR,PIERRE ENGVALL,8478115,749.0,778.0,29.0,2020-02-05
668,20825,3,TOR,TRAVIS DERMOTT,8478408,749.0,778.0,29.0,2020-02-05
669,20825,3,NYR,BRETT HOWDEN,8479353,749.0,778.0,29.0,2020-02-05
670,20825,3,TOR,TREVOR MOORE,8479675,749.0,778.0,29.0,2020-02-05
671,20825,3,NYR,KAAPO KAKKO,8481554,749.0,778.0,29.0,2020-02-05
672,20825,3,NYR,CHRIS KREIDER,8475184,778.0,816.0,38.0,2020-02-05
673,20825,3,TOR,TYSON BARRIE,8475197,778.0,816.0,38.0,2020-02-05
674,20825,3,TOR,ZACH HYMAN,8475786,778.0,816.0,38.0,2020-02-05
675,20825,3,NYR,MIKA ZIBANEJAD,8476459,778.0,816.0,38.0,2020-02-05
676,20825,3,NYR,BRADY SKJEI,8476869,778.0,811.0,33.0,2020-02-05
677,20825,3,NYR,JACOB TROUBA,8476885,778.0,811.0,33.0,2020-02-05
678,20825,3,NYR,PAVEL BUCHNEVICH,8477402,778.0,816.0,38.0,2020-02-05
679,20825,3,TOR,MITCHELL MARNER,8478483,778.0,816.0,38.0,2020-02-05
680,20825,3,TOR,AUSTON MATTHEWS,8479318,778.0,816.0,38.0,2020-02-05
681,20825,3,TOR,RASMUS SANDIN,8480873,778.0,816.0,38.0,2020-02-05
682,20825,3,NYR,MARC STAAL,8471686,811.0,846.0,35.0,2020-02-05
683,20825,3,NYR,ANTHONY DEANGELO,8477950,811.0,858.0,47.0,2020-02-05
684,20825,3,TOR,JAKE MUZZIN,8474162,816.0,866.0,50.0,2020-02-05
685,20825,3,TOR,JOHN TAVARES,8475166,816.0,862.0,46.0,2020-02-05
686,20825,3,TOR,JUSTIN HOLL,8475718,816.0,872.0,56.0,2020-02-05
687,20825,3,NYR,JESPER FAST,8475855,816.0,866.0,50.0,2020-02-05
688,20825,3,NYR,RYAN STROME,8476458,816.0,858.0,42.0,2020-02-05
689,20825,3,TOR,ALEXANDER KERFOOT,8477021,816.0,862.0,46.0,2020-02-05
690,20825,3,TOR,WILLIAM NYLANDER,8477939,816.0,862.0,46.0,2020-02-05
691,20825,3,NYR,ARTEMI PANARIN,8478550,816.0,870.0,54.0,2020-02-05
692,20825,3,NYR,RYAN LINDGREN,8479324,846.0,906.0,60.0,2020-02-05
693,20825,3,NYR,ADAM FOX,8479323,858.0,906.0,48.0,2020-02-05
694,20825,3,NYR,FILIP CHYTIL,8480078,858.0,906.0,48.0,2020-02-05
695,20825,3,TOR,JASON SPEZZA,8469455,862.0,910.0,48.0,2020-02-05
696,20825,3,TOR,ANDREAS JOHNSSON,8477341,862.0,910.0,48.0,2020-02-05
697,20825,3,TOR,KASPERI KAPANEN,8477953,862.0,910.0,48.0,2020-02-05
698,20825,3,NYR,BRENDAN LEMIEUX,8477962,866.0,906.0,40.0,2020-02-05
699,20825,3,TOR,TRAVIS DERMOTT,8478408,866.0,933.0,67.0,2020-02-05
700,20825,3,NYR,PHILLIP DI GIUSEPPE,8476858,870.0,906.0,36.0,2020-02-05
701,20825,3,TOR,RASMUS SANDIN,8480873,872.0,917.0,45.0,2020-02-05
702,20825,3,NYR,GREG MCKEGG,8475735,906.0,944.0,38.0,2020-02-05
703,20825,3,NYR,BRADY SKJEI,8476869,906.0,944.0,38.0,2020-02-05
704,20825,3,NYR,JACOB TROUBA,8476885,906.0,944.0,38.0,2020-02-05
705,20825,3,NYR,BRETT HOWDEN,8479353,906.0,944.0,38.0,2020-02-05
706,20825,3,NYR,KAAPO KAKKO,8481554,906.0,944.0,38.0,2020-02-05
707,20825,3,TOR,PIERRE ENGVALL,8478115,910.0,944.0,34.0,2020-02-05
708,20825,3,TOR,DMYTRO TIMASHOV,8478857,910.0,944.0,34.0,2020-02-05
709,20825,3,TOR,TREVOR MOORE,8479675,910.0,944.0,34.0,2020-02-05
710,20825,3,TOR,TYSON BARRIE,8475197,917.0,992.0,75.0,2020-02-05
711,20825,3,TOR,JAKE MUZZIN,8474162,933.0,944.0,11.0,2020-02-05
712,20825,3,NYR,MARC STAAL,8471686,944.0,992.0,48.0,2020-02-05
713,20825,3,TOR,JOHN TAVARES,8475166,944.0,992.0,48.0,2020-02-05
714,20825,3,NYR,RYAN STROME,8476458,944.0,992.0,48.0,2020-02-05
715,20825,3,NYR,MIKA ZIBANEJAD,8476459,944.0,992.0,48.0,2020-02-05
716,20825,3,TOR,WILLIAM NYLANDER,8477939,944.0,992.0,48.0,2020-02-05
717,20825,3,TOR,MITCHELL MARNER,8478483,944.0,992.0,48.0,2020-02-05
718,20825,3,TOR,AUSTON MATTHEWS,8479318,944.0,992.0,48.0,2020-02-05
719,20825,3,NYR,RYAN LINDGREN,8479324,944.0,992.0,48.0,2020-02-05
720,20825,3,TOR,JAKE MUZZIN,8474162,992.0,1072.0,80.0,2020-02-05
721,20825,3,NYR,JESPER FAST,8475855,992.0,1052.0,60.0,2020-02-05
722,20825,3,NYR,BRADY SKJEI,8476869,992.0,1041.0,49.0,2020-02-05
723,20825,3,NYR,JACOB TROUBA,8476885,992.0,1041.0,49.0,2020-02-05
724,20825,3,TOR,ANDREAS JOHNSSON,8477341,992.0,1022.0,30.0,2020-02-05
725,20825,3,TOR,KASPERI KAPANEN,8477953,992.0,1043.0,51.0,2020-02-05
726,20825,3,TOR,PIERRE ENGVALL,8478115,992.0,1043.0,51.0,2020-02-05
727,20825,3,NYR,ARTEMI PANARIN,8478550,992.0,1052.0,60.0,2020-02-05
728,20825,3,NYR,FILIP CHYTIL,8480078,992.0,1052.0,60.0,2020-02-05
729,20825,3,TOR,RASMUS SANDIN,8480873,992.0,1026.0,34.0,2020-02-05
730,20825,3,TOR,ZACH HYMAN,8475786,1022.0,1142.0,120.0,2020-02-05
731,20825,3,TOR,JUSTIN HOLL,8475718,1026.0,1077.0,51.0,2020-02-05
732,20825,3,NYR,ADAM FOX,8479323,1041.0,1076.0,35.0,2020-02-05
733,20825,3,NYR,RYAN LINDGREN,8479324,1041.0,1076.0,35.0,2020-02-05
734,20825,3,TOR,MITCHELL MARNER,8478483,1043.0,1182.0,139.0,2020-02-05
735,20825,3,TOR,AUSTON MATTHEWS,8479318,1043.0,1182.0,139.0,2020-02-05
736,20825,3,NYR,CHRIS KREIDER,8475184,1052.0,1077.0,25.0,2020-02-05
737,20825,3,NYR,MIKA ZIBANEJAD,8476459,1052.0,1077.0,25.0,2020-02-05
738,20825,3,NYR,PAVEL BUCHNEVICH,8477402,1052.0,1077.0,25.0,2020-02-05
739,20825,3,TOR,TYSON BARRIE,8475197,1072.0,1182.0,110.0,2020-02-05
740,20825,3,NYR,MARC STAAL,8471686,1076.0,1077.0,1.0,2020-02-05
741,20825,3,NYR,ANTHONY DEANGELO,8477950,1076.0,1077.0,1.0,2020-02-05
742,20825,3,NYR,MARC STAAL,8471686,1077.0,1142.0,65.0,2020-02-05
743,20825,3,TOR,JOHN TAVARES,8475166,1077.0,1182.0,105.0,2020-02-05
744,20825,3,NYR,CHRIS KREIDER,8475184,1077.0,1120.0,43.0,2020-02-05
745,20825,3,NYR,JESPER FAST,8475855,1077.0,1120.0,43.0,2020-02-05
746,20825,3,NYR,MIKA ZIBANEJAD,8476459,1077.0,1133.0,56.0,2020-02-05
747,20825,3,NYR,JACOB TROUBA,8476885,1077.0,1142.0,65.0,2020-02-05
748,20825,3,TOR,WILLIAM NYLANDER,8477939,1090.0,1182.0,92.0,2020-02-05
749,20825,3,NYR,GREG MCKEGG,8475735,1120.0,1142.0,22.0,2020-02-05
750,20825,3,NYR,PAVEL BUCHNEVICH,8477402,1120.0,1142.0,22.0,2020-02-05
751,20825,3,NYR,RYAN STROME,8476458,1133.0,1142.0,9.0,2020-02-05
752,20825,3,TOR,MICHAEL HUTCHINSON,8474636,1142.0,1147.0,5.0,2020-02-05
753,20825,3,NYR,CHRIS KREIDER,8475184,1142.0,1182.0,40.0,2020-02-05
754,20825,3,NYR,JESPER FAST,8475855,1142.0,1182.0,40.0,2020-02-05
755,20825,3,NYR,MIKA ZIBANEJAD,8476459,1142.0,1182.0,40.0,2020-02-05
756,20825,3,NYR,RYAN LINDGREN,8479324,1142.0,1182.0,40.0,2020-02-05
757,20825,3,TOR,ANDREAS JOHNSSON,8477341,1147.0,1182.0,35.0,2020-02-05
758,20825,3,NYR,MARC STAAL,8471686,1155.0,1182.0,27.0,2020-02-05
759,20825,3,TOR,MICHAEL HUTCHINSON,8474636,1182.0,1200.0,18.0,2020-02-05
760,20825,3,TOR,JUSTIN HOLL,8475718,1182.0,1200.0,18.0,2020-02-05
761,20825,3,NYR,RYAN STROME,8476458,1182.0,1200.0,18.0,2020-02-05
762,20825,3,NYR,BRADY SKJEI,8476869,1182.0,1200.0,18.0,2020-02-05
763,20825,3,NYR,PAVEL BUCHNEVICH,8477402,1182.0,1200.0,18.0,2020-02-05
764,20825,3,TOR,KASPERI KAPANEN,8477953,1182.0,1200.0,18.0,2020-02-05
765,20825,3,TOR,PIERRE ENGVALL,8478115,1182.0,1200.0,18.0,2020-02-05
766,20825,3,NYR,ADAM FOX,8479323,1182.0,1200.0,18.0,2020-02-05
767,20825,3,TOR,RASMUS SANDIN,8480873,1182.0,1200.0,18.0,2020-02-05
768,20826,1,BOS,PATRICE BERGERON,8470638,0.0,61.0,61.0,2020-02-05
769,20826,1,BOS,JAROSLAV HALAK,8470860,0.0,1200.0,1200.0,2020-02-05
770,20826,1,BOS,BRAD MARCHAND,8473419,0.0,69.0,69.0,2020-02-05
771,20826,1,CHI,ZACK SMITH,8474250,0.0,60.0,60.0,2020-02-05
772,20826,1,CHI,ROBIN LEHNER,8475215,0.0,1200.0,1200.0,2020-02-05
773,20826,1,CHI,CONNOR MURPHY,8476473,0.0,72.0,72.0,2020-02-05
774,20826,1,BOS,TOREY KRUG,8476792,0.0,61.0,61.0,2020-02-05
775,20826,1,CHI,ERIK GUSTAFSSON,8476979,0.0,72.0,72.0,2020-02-05
776,20826,1,CHI,RYAN CARPENTER,8477846,0.0,60.0,60.0,2020-02-05
777,20826,1,BOS,DAVID PASTRNAK,8477956,0.0,69.0,69.0,2020-02-05
778,20826,1,BOS,BRANDON CARLO,8478443,0.0,61.0,61.0,2020-02-05
779,20826,1,CHI,ALEX NYLANDER,8479423,0.0,70.0,70.0,2020-02-05
780,20826,1,CHI,BRANDON SAAD,8476438,60.0,101.0,41.0,2020-02-05
781,20826,1,CHI,KIRBY DACH,8481523,60.0,101.0,41.0,2020-02-05
782,20826,1,BOS,ZDENO CHARA,8465009,61.0,118.0,57.0,2020-02-05
783,20826,1,BOS,DAVID KREJCI,8471276,61.0,127.0,66.0,2020-02-05
784,20826,1,BOS,CHARLIE MCAVOY,8479325,61.0,118.0,57.0,2020-02-05
785,20826,1,BOS,JAKE DEBRUSK,8478498,69.0,127.0,58.0,2020-02-05
786,20826,1,BOS,KARSON KUHLMAN,8480901,69.0,136.0,67.0,2020-02-05
787,20826,1,CHI,PATRICK KANE,8474141,70.0,101.0,31.0,2020-02-05
788,20826,1,CHI,DUNCAN KEITH,8470281,72.0,107.0,35.0,2020-02-05
789,20826,1,CHI,ADAM BOQVIST,8480871,72.0,111.0,39.0,2020-02-05
790,20826,1,CHI,JONATHAN TOEWS,8473604,101.0,142.0,41.0,2020-02-05
791,20826,1,CHI,DOMINIK KUBALIK,8477330,101.0,142.0,41.0,2020-02-05
792,20826,1,CHI,DRAKE CAGGIULA,8479465,101.0,142.0,41.0,2020-02-05
793,20826,1,CHI,OLLI MAATTA,8476874,107.0,142.0,35.0,2020-02-05
794,20826,1,CHI,SLATER KOEKKOEK,8476886,111.0,138.0,27.0,2020-02-05
795,20826,1,BOS,TOREY KRUG,8476792,118.0,165.0,47.0,2020-02-05
796,20826,1,BOS,BRANDON CARLO,8478443,118.0,154.0,36.0,2020-02-05
797,20826,1,BOS,CHARLIE COYLE,8475745,127.0,198.0,71.0,2020-02-05
798,20826,1,BOS,SEAN KURALY,8476374,127.0,174.0,47.0,2020-02-05
799,20826,1,BOS,ANDERS BJORK,8478075,136.0,187.0,51.0,2020-02-05
800,20826,1,CHI,CONNOR MURPHY,8476473,138.0,179.0,41.0,2020-02-05
801,20826,1,CHI,ERIK GUSTAFSSON,8476979,142.0,179.0,37.0,2020-02-05
802,20826,1,CHI,DYLAN STROME,8478440,142.0,190.0,48.0,2020-02-05
803,20826,1,CHI,ALEX DEBRINCAT,8479337,142.0,199.0,57.0,2020-02-05
804,20826,1,CHI,DAVID KAMPF,8480144,142.0,193.0,51.0,2020-02-05
805,20826,1,BOS,JEREMY LAUZON,8478468,154.0,187.0,33.0,2020-02-05
806,20826,1,BOS,MATT GRZELCYK,8476891,165.0,187.0,22.0,2020-02-05
807,20826,1,BOS,ANTON BLIDH,8477320,174.0,224.0,50.0,2020-02-05
808,20826,1,CHI,DUNCAN KEITH,8470281,179.0,224.0,45.0,2020-02-05
809,20826,1,CHI,ADAM BOQVIST,8480871,179.0,224.0,45.0,2020-02-05
810,20826,1,BOS,ZDENO CHARA,8465009,187.0,224.0,37.0,2020-02-05
811,20826,1,BOS,CHRIS WAGNER,8475780,187.0,224.0,37.0,2020-02-05
812,20826,1,BOS,CHARLIE MCAVOY,8479325,187.0,224.0,37.0,2020-02-05
813,20826,1,CHI,ALEX NYLANDER,8479423,190.0,224.0,34.0,2020-02-05
814,20826,1,CHI,RYAN CARPENTER,8477846,193.0,224.0,31.0,2020-02-05
815,20826,1,BOS,PAR LINDHOLM,8480944,198.0,224.0,26.0,2020-02-05
816,20826,1,CHI,ZACK SMITH,8474250,199.0,224.0,25.0,2020-02-05
817,20826,1,BOS,PATRICE BERGERON,8470638,224.0,272.0,48.0,2020-02-05
818,20826,1,BOS,BRAD MARCHAND,8473419,224.0,274.0,50.0,2020-02-05
819,20826,1,CHI,PATRICK KANE,8474141,224.0,272.0,48.0,2020-02-05
820,20826,1,CHI,BRANDON SAAD,8476438,224.0,272.0,48.0,2020-02-05
821,20826,1,CHI,OLLI MAATTA,8476874,224.0,272.0,48.0,2020-02-05
822,20826,1,CHI,SLATER KOEKKOEK,8476886,224.0,258.0,34.0,2020-02-05
823,20826,1,BOS,MATT GRZELCYK,8476891,224.0,249.0,25.0,2020-02-05
824,20826,1,BOS,DAVID PASTRNAK,8477956,224.0,274.0,50.0,2020-02-05
825,20826,1,BOS,JEREMY LAUZON,8478468,224.0,232.0,8.0,2020-02-05
826,20826,1,CHI,KIRBY DACH,8481523,224.0,272.0,48.0,2020-02-05
827,20826,1,BOS,BRANDON CARLO,8478443,232.0,297.0,65.0,2020-02-05
828,20826,1,BOS,TOREY KRUG,8476792,249.0,274.0,25.0,2020-02-05
829,20826,1,CHI,CONNOR MURPHY,8476473,258.0,307.0,49.0,2020-02-05
830,20826,1,BOS,DAVID KREJCI,8471276,272.0,330.0,58.0,2020-02-05
831,20826,1,CHI,JONATHAN TOEWS,8473604,272.0,332.0,60.0,2020-02-05
832,20826,1,CHI,ERIK GUSTAFSSON,8476979,272.0,313.0,41.0,2020-02-05
833,20826,1,CHI,DOMINIK KUBALIK,8477330,272.0,331.0,59.0,2020-02-05
834,20826,1,CHI,DRAKE CAGGIULA,8479465,272.0,332.0,60.0,2020-02-05
835,20826,1,BOS,ZDENO CHARA,8465009,274.0,330.0,56.0,2020-02-05
836,20826,1,BOS,JAKE DEBRUSK,8478498,274.0,332.0,58.0,2020-02-05
837,20826,1,BOS,KARSON KUHLMAN,8480901,274.0,330.0,56.0,2020-02-05
838,20826,1,BOS,CHARLIE MCAVOY,8479325,297.0,332.0,35.0,2020-02-05
839,20826,1,CHI,ADAM BOQVIST,8480871,307.0,382.0,75.0,2020-02-05
840,20826,1,CHI,DUNCAN KEITH,8470281,313.0,382.0,69.0,2020-02-05
841,20826,1,BOS,SEAN KURALY,8476374,330.0,382.0,52.0,2020-02-05
842,20826,1,BOS,MATT GRZELCYK,8476891,330.0,399.0,69.0,2020-02-05
843,20826,1,BOS,ANDERS BJORK,8478075,330.0,382.0,52.0,2020-02-05
844,20826,1,CHI,ALEX DEBRINCAT,8479337,331.0,393.0,62.0,2020-02-05
845,20826,1,BOS,CHARLIE COYLE,8475745,332.0,406.0,74.0,2020-02-05
846,20826,1,CHI,DYLAN STROME,8478440,332.0,393.0,61.0,2020-02-05
847,20826,1,BOS,JEREMY LAUZON,8478468,332.0,406.0,74.0,2020-02-05
848,20826,1,CHI,DAVID KAMPF,8480144,332.0,382.0,50.0,2020-02-05
849,20826,1,BOS,CHRIS WAGNER,8475780,382.0,432.0,50.0,2020-02-05
850,20826,1,CHI,OLLI MAATTA,8476874,382.0,477.0,95.0,2020-02-05
851,20826,1,CHI,SLATER KOEKKOEK,8476886,382.0,477.0,95.0,2020-02-05
852,20826,1,BOS,ANTON BLIDH,8477320,382.0,432.0,50.0,2020-02-05
853,20826,1,CHI,RYAN CARPENTER,8477846,382.0,393.0,11.0,2020-02-05
854,20826,1,CHI,PATRICK KANE,8474141,393.0,432.0,39.0,2020-02-05
855,20826,1,CHI,BRANDON SAAD,8476438,393.0,432.0,39.0,2020-02-05
856,20826,1,CHI,KIRBY DACH,8481523,393.0,432.0,39.0,2020-02-05
857,20826,1,BOS,ZDENO CHARA,8465009,399.0,432.0,33.0,2020-02-05
858,20826,1,BOS,CHARLIE MCAVOY,8479325,406.0,432.0,26.0,2020-02-05
859,20826,1,BOS,PAR LINDHOLM,8480944,406.0,432.0,26.0,2020-02-05
860,20826,1,BOS,PATRICE BERGERON,8470638,432.0,464.0,32.0,2020-02-05
861,20826,1,BOS,BRAD MARCHAND,8473419,432.0,464.0,32.0,2020-02-05
862,20826,1,CHI,ZACK SMITH,8474250,432.0,477.0,45.0,2020-02-05
863,20826,1,BOS,TOREY KRUG,8476792,432.0,464.0,32.0,2020-02-05
864,20826,1,CHI,RYAN CARPENTER,8477846,432.0,473.0,41.0,2020-02-05
865,20826,1,BOS,DAVID PASTRNAK,8477956,432.0,464.0,32.0,2020-02-05
866,20826,1,BOS,BRANDON CARLO,8478443,432.0,464.0,32.0,2020-02-05
867,20826,1,CHI,ALEX NYLANDER,8479423,432.0,473.0,41.0,2020-02-05
868,20826,1,BOS,ZDENO CHARA,8465009,464.0,531.0,67.0,2020-02-05
869,20826,1,BOS,DAVID KREJCI,8471276,464.0,544.0,80.0,2020-02-05
870,20826,1,BOS,JAKE DEBRUSK,8478498,464.0,544.0,80.0,2020-02-05
871,20826,1,BOS,CHARLIE MCAVOY,8479325,464.0,552.0,88.0,2020-02-05
872,20826,1,BOS,KARSON KUHLMAN,8480901,464.0,552.0,88.0,2020-02-05
873,20826,1,CHI,JONATHAN TOEWS,8473604,473.0,525.0,52.0,2020-02-05
874,20826,1,CHI,DRAKE CAGGIULA,8479465,473.0,528.0,55.0,2020-02-05
875,20826,1,CHI,CONNOR MURPHY,8476473,477.0,534.0,57.0,2020-02-05
876,20826,1,CHI,ERIK GUSTAFSSON,8476979,477.0,534.0,57.0,2020-02-05
877,20826,1,CHI,DOMINIK KUBALIK,8477330,477.0,528.0,51.0,2020-02-05
878,20826,1,CHI,DAVID KAMPF,8480144,525.0,580.0,55.0,2020-02-05
879,20826,1,CHI,DYLAN STROME,8478440,528.0,580.0,52.0,2020-02-05
880,20826,1,CHI,ALEX DEBRINCAT,8479337,528.0,580.0,52.0,2020-02-05
881,20826,1,BOS,MATT GRZELCYK,8476891,531.0,580.0,49.0,2020-02-05
882,20826,1,CHI,DUNCAN KEITH,8470281,534.0,580.0,46.0,2020-02-05
883,20826,1,CHI,ADAM BOQVIST,8480871,534.0,576.0,42.0,2020-02-05
884,20826,1,BOS,CHARLIE COYLE,8475745,544.0,580.0,36.0,2020-02-05
885,20826,1,BOS,SEAN KURALY,8476374,544.0,580.0,36.0,2020-02-05
886,20826,1,BOS,ANDERS BJORK,8478075,552.0,580.0,28.0,2020-02-05
887,20826,1,BOS,JEREMY LAUZON,8478468,552.0,580.0,28.0,2020-02-05
888,20826,1,CHI,SLATER KOEKKOEK,8476886,576.0,619.0,43.0,2020-02-05
889,20826,1,CHI,PATRICK KANE,8474141,580.0,619.0,39.0,2020-02-05
890,20826,1,BOS,CHRIS WAGNER,8475780,580.0,619.0,39.0,2020-02-05
891,20826,1,CHI,BRANDON SAAD,8476438,580.0,619.0,39.0,2020-02-05
892,20826,1,BOS,TOREY KRUG,8476792,580.0,619.0,39.0,2020-02-05
893,20826,1,CHI,OLLI MAATTA,8476874,580.0,619.0,39.0,2020-02-05
894,20826,1,BOS,ANTON BLIDH,8477320,580.0,619.0,39.0,2020-02-05
895,20826,1,BOS,BRANDON CARLO,8478443,580.0,619.0,39.0,2020-02-05
896,20826,1,BOS,PAR LINDHOLM,8480944,580.0,619.0,39.0,2020-02-05
897,20826,1,CHI,KIRBY DACH,8481523,580.0,619.0,39.0,2020-02-05
898,20826,1,BOS,PATRICE BERGERON,8470638,619.0,647.0,28.0,2020-02-05
899,20826,1,BOS,BRAD MARCHAND,8473419,619.0,647.0,28.0,2020-02-05
900,20826,1,CHI,ZACK SMITH,8474250,619.0,647.0,28.0,2020-02-05
901,20826,1,CHI,CONNOR MURPHY,8476473,619.0,647.0,28.0,2020-02-05
902,20826,1,BOS,MATT GRZELCYK,8476891,619.0,643.0,24.0,2020-02-05
903,20826,1,CHI,ERIK GUSTAFSSON,8476979,619.0,647.0,28.0,2020-02-05
904,20826,1,CHI,RYAN CARPENTER,8477846,619.0,647.0,28.0,2020-02-05
905,20826,1,BOS,DAVID PASTRNAK,8477956,619.0,647.0,28.0,2020-02-05
906,20826,1,BOS,CHARLIE MCAVOY,8479325,619.0,643.0,24.0,2020-02-05
907,20826,1,CHI,ALEX NYLANDER,8479423,619.0,647.0,28.0,2020-02-05
908,20826,1,BOS,ZDENO CHARA,8465009,643.0,711.0,68.0,2020-02-05
909,20826,1,BOS,BRANDON CARLO,8478443,643.0,696.0,53.0,2020-02-05
910,20826,1,CHI,DUNCAN KEITH,8470281,647.0,703.0,56.0,2020-02-05
911,20826,1,BOS,DAVID KREJCI,8471276,647.0,704.0,57.0,2020-02-05
912,20826,1,CHI,JONATHAN TOEWS,8473604,647.0,703.0,56.0,2020-02-05
913,20826,1,CHI,DOMINIK KUBALIK,8477330,647.0,703.0,56.0,2020-02-05
914,20826,1,BOS,JAKE DEBRUSK,8478498,647.0,704.0,57.0,2020-02-05
915,20826,1,CHI,DRAKE CAGGIULA,8479465,647.0,699.0,52.0,2020-02-05
916,20826,1,CHI,ADAM BOQVIST,8480871,647.0,703.0,56.0,2020-02-05
917,20826,1,BOS,KARSON KUHLMAN,8480901,647.0,704.0,57.0,2020-02-05
918,20826,1,BOS,JEREMY LAUZON,8478468,696.0,738.0,42.0,2020-02-05
919,20826,1,CHI,PATRICK KANE,8474141,699.0,763.0,64.0,2020-02-05
920,20826,1,CHI,BRANDON SAAD,8476438,703.0,763.0,60.0,2020-02-05
921,20826,1,CHI,OLLI MAATTA,8476874,703.0,779.0,76.0,2020-02-05
922,20826,1,CHI,SLATER KOEKKOEK,8476886,703.0,779.0,76.0,2020-02-05
923,20826,1,CHI,KIRBY DACH,8481523,703.0,763.0,60.0,2020-02-05
924,20826,1,BOS,CHARLIE COYLE,8475745,704.0,766.0,62.0,2020-02-05
925,20826,1,BOS,SEAN KURALY,8476374,704.0,777.0,73.0,2020-02-05
926,20826,1,BOS,ANDERS BJORK,8478075,704.0,766.0,62.0,2020-02-05
927,20826,1,BOS,TOREY KRUG,8476792,711.0,766.0,55.0,2020-02-05
928,20826,1,BOS,CHARLIE MCAVOY,8479325,738.0,846.0,108.0,2020-02-05
929,20826,1,CHI,DYLAN STROME,8478440,763.0,831.0,68.0,2020-02-05
930,20826,1,CHI,ALEX DEBRINCAT,8479337,763.0,831.0,68.0,2020-02-05
931,20826,1,CHI,DAVID KAMPF,8480144,763.0,831.0,68.0,2020-02-05
932,20826,1,BOS,PATRICE BERGERON,8470638,766.0,834.0,68.0,2020-02-05
933,20826,1,BOS,MATT GRZELCYK,8476891,766.0,846.0,80.0,2020-02-05
934,20826,1,BOS,DAVID PASTRNAK,8477956,766.0,840.0,74.0,2020-02-05
935,20826,1,BOS,BRAD MARCHAND,8473419,777.0,834.0,57.0,2020-02-05
936,20826,1,CHI,CONNOR MURPHY,8476473,779.0,831.0,52.0,2020-02-05
937,20826,1,CHI,ERIK GUSTAFSSON,8476979,779.0,831.0,52.0,2020-02-05
938,20826,1,CHI,DUNCAN KEITH,8470281,831.0,914.0,83.0,2020-02-05
939,20826,1,CHI,ZACK SMITH,8474250,831.0,862.0,31.0,2020-02-05
940,20826,1,CHI,RYAN CARPENTER,8477846,831.0,862.0,31.0,2020-02-05
941,20826,1,CHI,ALEX NYLANDER,8479423,831.0,862.0,31.0,2020-02-05
942,20826,1,CHI,ADAM BOQVIST,8480871,831.0,923.0,92.0,2020-02-05
943,20826,1,BOS,ANTON BLIDH,8477320,834.0,883.0,49.0,2020-02-05
944,20826,1,BOS,PAR LINDHOLM,8480944,834.0,883.0,49.0,2020-02-05
945,20826,1,BOS,CHRIS WAGNER,8475780,840.0,883.0,43.0,2020-02-05
946,20826,1,BOS,TOREY KRUG,8476792,846.0,862.0,16.0,2020-02-05
947,20826,1,BOS,JEREMY LAUZON,8478468,846.0,862.0,16.0,2020-02-05
948,20826,1,BOS,ZDENO CHARA,8465009,862.0,921.0,59.0,2020-02-05
949,20826,1,CHI,JONATHAN TOEWS,8473604,862.0,933.0,71.0,2020-02-05
950,20826,1,CHI,DOMINIK KUBALIK,8477330,862.0,933.0,71.0,2020-02-05
951,20826,1,BOS,BRANDON CARLO,8478443,862.0,932.0,70.0,2020-02-05
952,20826,1,CHI,DRAKE CAGGIULA,8479465,862.0,923.0,61.0,2020-02-05
953,20826,1,BOS,DAVID KREJCI,8471276,883.0,921.0,38.0,2020-02-05
954,20826,1,BOS,JAKE DEBRUSK,8478498,883.0,933.0,50.0,2020-02-05
955,20826,1,BOS,KARSON KUHLMAN,8480901,883.0,928.0,45.0,2020-02-05
956,20826,1,CHI,OLLI MAATTA,8476874,914.0,956.0,42.0,2020-02-05
957,20826,1,BOS,CHARLIE COYLE,8475745,921.0,956.0,35.0,2020-02-05
958,20826,1,BOS,MATT GRZELCYK,8476891,921.0,956.0,35.0,2020-02-05
959,20826,1,CHI,PATRICK KANE,8474141,923.0,956.0,33.0,2020-02-05
960,20826,1,CHI,SLATER KOEKKOEK,8476886,923.0,956.0,33.0,2020-02-05
961,20826,1,BOS,ANDERS BJORK,8478075,928.0,956.0,28.0,2020-02-05
962,20826,1,BOS,CHARLIE MCAVOY,8479325,932.0,956.0,24.0,2020-02-05
963,20826,1,BOS,SEAN KURALY,8476374,933.0,956.0,23.0,2020-02-05
964,20826,1,CHI,BRANDON SAAD,8476438,933.0,956.0,23.0,2020-02-05
965,20826,1,CHI,KIRBY DACH,8481523,933.0,956.0,23.0,2020-02-05
966,20826,1,CHI,DUNCAN KEITH,8470281,956.0,1002.0,46.0,2020-02-05
967,20826,1,BOS,PATRICE BERGERON,8470638,956.0,1033.0,77.0,2020-02-05
968,20826,1,BOS,BRAD MARCHAND,8473419,956.0,1058.0,102.0,2020-02-05
969,20826,1,CHI,JONATHAN TOEWS,8473604,956.0,996.0,40.0,2020-02-05
970,20826,1,CHI,CONNOR MURPHY,8476473,956.0,1002.0,46.0,2020-02-05
971,20826,1,BOS,TOREY KRUG,8476792,956.0,1044.0,88.0,2020-02-05
972,20826,1,CHI,RYAN CARPENTER,8477846,956.0,1002.0,46.0,2020-02-05
973,20826,1,BOS,DAVID PASTRNAK,8477956,956.0,1058.0,102.0,2020-02-05
974,20826,1,BOS,JAKE DEBRUSK,8478498,956.0,1020.0,64.0,2020-02-05
975,20826,1,CHI,BRANDON SAAD,8476438,996.0,1024.0,28.0,2020-02-05
976,20826,1,CHI,OLLI MAATTA,8476874,1002.0,1035.0,33.0,2020-02-05
977,20826,1,CHI,ERIK GUSTAFSSON,8476979,1002.0,1024.0,22.0,2020-02-05
978,20826,1,CHI,DAVID KAMPF,8480144,1002.0,1024.0,22.0,2020-02-05
979,20826,1,BOS,ANDERS BJORK,8478075,1020.0,1089.0,69.0,2020-02-05
980,20826,1,CHI,DUNCAN KEITH,8470281,1024.0,1089.0,65.0,2020-02-05
981,20826,1,CHI,ZACK SMITH,8474250,1024.0,1058.0,34.0,2020-02-05
982,20826,1,CHI,RYAN CARPENTER,8477846,1024.0,1058.0,34.0,2020-02-05
983,20826,1,BOS,CHARLIE COYLE,8475745,1033.0,1089.0,56.0,2020-02-05
984,20826,1,CHI,CONNOR MURPHY,8476473,1035.0,1089.0,54.0,2020-02-05
985,20826,1,BOS,CHARLIE MCAVOY,8479325,1044.0,1124.0,80.0,2020-02-05
986,20826,1,BOS,DAVID KREJCI,8471276,1058.0,1089.0,31.0,2020-02-05
987,20826,1,CHI,JONATHAN TOEWS,8473604,1058.0,1089.0,31.0,2020-02-05
988,20826,1,BOS,MATT GRZELCYK,8476891,1058.0,1124.0,66.0,2020-02-05
989,20826,1,CHI,DAVID KAMPF,8480144,1058.0,1089.0,31.0,2020-02-05
990,20826,1,CHI,SLATER KOEKKOEK,8476886,1076.0,1089.0,13.0,2020-02-05
991,20826,1,CHI,PATRICK KANE,8474141,1089.0,1156.0,67.0,2020-02-05
992,20826,1,BOS,CHRIS WAGNER,8475780,1089.0,1143.0,54.0,2020-02-05
993,20826,1,CHI,BRANDON SAAD,8476438,1089.0,1144.0,55.0,2020-02-05
994,20826,1,CHI,OLLI MAATTA,8476874,1089.0,1135.0,46.0,2020-02-05
995,20826,1,CHI,ERIK GUSTAFSSON,8476979,1089.0,1156.0,67.0,2020-02-05
996,20826,1,BOS,ANTON BLIDH,8477320,1089.0,1135.0,46.0,2020-02-05
997,20826,1,BOS,PAR LINDHOLM,8480944,1089.0,1143.0,54.0,2020-02-05
998,20826,1,CHI,KIRBY DACH,8481523,1089.0,1144.0,55.0,2020-02-05
999,20826,1,BOS,ZDENO CHARA,8465009,1124.0,1200.0,76.0,2020-02-05
1000,20826,1,BOS,BRANDON CARLO,8478443,1124.0,1171.0,47.0,2020-02-05
1001,20826,1,CHI,DUNCAN KEITH,8470281,1135.0,1200.0,65.0,2020-02-05
1002,20826,1,BOS,JAKE DEBRUSK,8478498,1135.0,1200.0,65.0,2020-02-05
1003,20826,1,BOS,DAVID KREJCI,8471276,1143.0,1200.0,57.0,2020-02-05
1004,20826,1,BOS,KARSON KUHLMAN,8480901,1143.0,1200.0,57.0,2020-02-05
1005,20826,1,CHI,JONATHAN TOEWS,8473604,1144.0,1200.0,56.0,2020-02-05
1006,20826,1,CHI,DOMINIK KUBALIK,8477330,1144.0,1171.0,27.0,2020-02-05
1007,20826,1,CHI,DRAKE CAGGIULA,8479465,1156.0,1171.0,15.0,2020-02-05
1008,20826,1,CHI,ADAM BOQVIST,8480871,1156.0,1188.0,32.0,2020-02-05
1009,20826,1,CHI,PATRICK KANE,8474141,1171.0,1200.0,29.0,2020-02-05
1010,20826,1,BOS,CHARLIE MCAVOY,8479325,1171.0,1200.0,29.0,2020-02-05
1011,20826,1,CHI,ALEX DEBRINCAT,8479337,1171.0,1200.0,29.0,2020-02-05
1012,20826,1,CHI,ERIK GUSTAFSSON,8476979,1188.0,1200.0,12.0,2020-02-05
1013,20826,2,BOS,PATRICE BERGERON,8470638,0.0,54.0,54.0,2020-02-05
1014,20826,2,BOS,JAROSLAV HALAK,8470860,0.0,1200.0,1200.0,2020-02-05
1015,20826,2,BOS,BRAD MARCHAND,8473419,0.0,81.0,81.0,2020-02-05
1016,20826,2,CHI,ZACK SMITH,8474250,0.0,44.0,44.0,2020-02-05
1017,20826,2,CHI,ROBIN LEHNER,8475215,0.0,1200.0,1200.0,2020-02-05
1018,20826,2,CHI,CONNOR MURPHY,8476473,0.0,44.0,44.0,2020-02-05
1019,20826,2,BOS,TOREY KRUG,8476792,0.0,106.0,106.0,2020-02-05
1020,20826,2,CHI,ERIK GUSTAFSSON,8476979,0.0,44.0,44.0,2020-02-05
1021,20826,2,CHI,RYAN CARPENTER,8477846,0.0,52.0,52.0,2020-02-05
1022,20826,2,BOS,DAVID PASTRNAK,8477956,0.0,81.0,81.0,2020-02-05
1023,20826,2,BOS,BRANDON CARLO,8478443,0.0,81.0,81.0,2020-02-05
1024,20826,2,CHI,ALEX NYLANDER,8479423,0.0,52.0,52.0,2020-02-05
1025,20826,2,CHI,DUNCAN KEITH,8470281,44.0,134.0,90.0,2020-02-05
1026,20826,2,CHI,BRANDON SAAD,8476438,44.0,134.0,90.0,2020-02-05
1027,20826,2,CHI,ADAM BOQVIST,8480871,44.0,134.0,90.0,2020-02-05
1028,20826,2,CHI,PATRICK KANE,8474141,52.0,134.0,82.0,2020-02-05
1029,20826,2,CHI,KIRBY DACH,8481523,52.0,115.0,63.0,2020-02-05
1030,20826,2,BOS,DAVID KREJCI,8471276,54.0,132.0,78.0,2020-02-05
1031,20826,2,BOS,JAKE DEBRUSK,8478498,81.0,156.0,75.0,2020-02-05
1032,20826,2,BOS,CHARLIE MCAVOY,8479325,81.0,142.0,61.0,2020-02-05
1033,20826,2,BOS,KARSON KUHLMAN,8480901,81.0,132.0,51.0,2020-02-05
1034,20826,2,BOS,ZDENO CHARA,8465009,106.0,184.0,78.0,2020-02-05
1035,20826,2,CHI,JONATHAN TOEWS,8473604,115.0,170.0,55.0,2020-02-05
1036,20826,2,BOS,CHARLIE COYLE,8475745,132.0,201.0,69.0,2020-02-05
1037,20826,2,BOS,ANDERS BJORK,8478075,132.0,201.0,69.0,2020-02-05
1038,20826,2,CHI,OLLI MAATTA,8476874,134.0,192.0,58.0,2020-02-05
1039,20826,2,CHI,SLATER KOEKKOEK,8476886,134.0,192.0,58.0,2020-02-05
1040,20826,2,CHI,DOMINIK KUBALIK,8477330,134.0,175.0,41.0,2020-02-05
1041,20826,2,CHI,DRAKE CAGGIULA,8479465,134.0,175.0,41.0,2020-02-05
1042,20826,2,BOS,JEREMY LAUZON,8478468,142.0,241.0,99.0,2020-02-05
1043,20826,2,BOS,SEAN KURALY,8476374,156.0,201.0,45.0,2020-02-05
1044,20826,2,CHI,DAVID KAMPF,8480144,170.0,201.0,31.0,2020-02-05
1045,20826,2,CHI,DYLAN STROME,8478440,175.0,201.0,26.0,2020-02-05
1046,20826,2,CHI,ALEX DEBRINCAT,8479337,175.0,201.0,26.0,2020-02-05
1047,20826,2,BOS,MATT GRZELCYK,8476891,184.0,243.0,59.0,2020-02-05
1048,20826,2,CHI,CONNOR MURPHY,8476473,192.0,249.0,57.0,2020-02-05
1049,20826,2,CHI,ERIK GUSTAFSSON,8476979,192.0,256.0,64.0,2020-02-05
1050,20826,2,CHI,ZACK SMITH,8474250,201.0,256.0,55.0,2020-02-05
1051,20826,2,BOS,CHRIS WAGNER,8475780,201.0,262.0,61.0,2020-02-05
1052,20826,2,BOS,ANTON BLIDH,8477320,201.0,262.0,61.0,2020-02-05
1053,20826,2,CHI,RYAN CARPENTER,8477846,201.0,256.0,55.0,2020-02-05
1054,20826,2,CHI,ALEX NYLANDER,8479423,201.0,256.0,55.0,2020-02-05
1055,20826,2,BOS,PAR LINDHOLM,8480944,201.0,262.0,61.0,2020-02-05
1056,20826,2,BOS,BRANDON CARLO,8478443,241.0,299.0,58.0,2020-02-05
1057,20826,2,BOS,TOREY KRUG,8476792,243.0,316.0,73.0,2020-02-05
1058,20826,2,CHI,SLATER KOEKKOEK,8476886,249.0,316.0,67.0,2020-02-05
1059,20826,2,CHI,OLLI MAATTA,8476874,256.0,316.0,60.0,2020-02-05
1060,20826,2,CHI,DYLAN STROME,8478440,256.0,287.0,31.0,2020-02-05
1061,20826,2,CHI,ALEX DEBRINCAT,8479337,256.0,287.0,31.0,2020-02-05
1062,20826,2,CHI,DAVID KAMPF,8480144,256.0,287.0,31.0,2020-02-05
1063,20826,2,BOS,PATRICE BERGERON,8470638,262.0,316.0,54.0,2020-02-05
1064,20826,2,BOS,BRAD MARCHAND,8473419,262.0,316.0,54.0,2020-02-05
1065,20826,2,BOS,DAVID PASTRNAK,8477956,262.0,316.0,54.0,2020-02-05
1066,20826,2,CHI,PATRICK KANE,8474141,287.0,410.0,123.0,2020-02-05
1067,20826,2,CHI,BRANDON SAAD,8476438,287.0,373.0,86.0,2020-02-05
1068,20826,2,CHI,KIRBY DACH,8481523,287.0,410.0,123.0,2020-02-05
1069,20826,2,BOS,CHARLIE MCAVOY,8479325,299.0,366.0,67.0,2020-02-05
1070,20826,2,BOS,ZDENO CHARA,8465009,316.0,410.0,94.0,2020-02-05
1071,20826,2,CHI,DUNCAN KEITH,8470281,316.0,373.0,57.0,2020-02-05
1072,20826,2,BOS,DAVID KREJCI,8471276,316.0,373.0,57.0,2020-02-05
1073,20826,2,BOS,JAKE DEBRUSK,8478498,316.0,373.0,57.0,2020-02-05
1074,20826,2,CHI,ADAM BOQVIST,8480871,316.0,373.0,57.0,2020-02-05
1075,20826,2,BOS,KARSON KUHLMAN,8480901,316.0,373.0,57.0,2020-02-05
1076,20826,2,BOS,JEREMY LAUZON,8478468,366.0,373.0,7.0,2020-02-05
1077,20826,2,BOS,PATRICE BERGERON,8470638,373.0,390.0,17.0,2020-02-05
1078,20826,2,BOS,BRAD MARCHAND,8473419,373.0,410.0,37.0,2020-02-05
1079,20826,2,CHI,JONATHAN TOEWS,8473604,373.0,410.0,37.0,2020-02-05
1080,20826,2,CHI,ERIK GUSTAFSSON,8476979,373.0,410.0,37.0,2020-02-05
1081,20826,2,BOS,BRANDON CARLO,8478443,373.0,410.0,37.0,2020-02-05
1082,20826,2,CHI,ALEX DEBRINCAT,8479337,373.0,410.0,37.0,2020-02-05
1083,20826,2,BOS,PAR LINDHOLM,8480944,390.0,410.0,20.0,2020-02-05
1084,20826,2,CHI,DUNCAN KEITH,8470281,410.0,460.0,50.0,2020-02-05
1085,20826,2,CHI,ZACK SMITH,8474250,410.0,460.0,50.0,2020-02-05
1086,20826,2,BOS,CHARLIE COYLE,8475745,410.0,460.0,50.0,2020-02-05
1087,20826,2,BOS,SEAN KURALY,8476374,410.0,460.0,50.0,2020-02-05
1088,20826,2,CHI,CONNOR MURPHY,8476473,410.0,460.0,50.0,2020-02-05
1089,20826,2,BOS,MATT GRZELCYK,8476891,410.0,452.0,42.0,2020-02-05
1090,20826,2,CHI,RYAN CARPENTER,8477846,410.0,460.0,50.0,2020-02-05
1091,20826,2,BOS,ANDERS BJORK,8478075,410.0,460.0,50.0,2020-02-05
1092,20826,2,BOS,JEREMY LAUZON,8478468,410.0,452.0,42.0,2020-02-05
1093,20826,2,CHI,ALEX NYLANDER,8479423,410.0,460.0,50.0,2020-02-05
1094,20826,2,BOS,TOREY KRUG,8476792,452.0,508.0,56.0,2020-02-05
1095,20826,2,BOS,BRANDON CARLO,8478443,452.0,508.0,56.0,2020-02-05
1096,20826,2,BOS,DAVID KREJCI,8471276,460.0,508.0,48.0,2020-02-05
1097,20826,2,CHI,OLLI MAATTA,8476874,460.0,508.0,48.0,2020-02-05
1098,20826,2,CHI,SLATER KOEKKOEK,8476886,460.0,502.0,42.0,2020-02-05
1099,20826,2,CHI,DYLAN STROME,8478440,460.0,508.0,48.0,2020-02-05
1100,20826,2,BOS,JAKE DEBRUSK,8478498,460.0,508.0,48.0,2020-02-05
1101,20826,2,CHI,ALEX DEBRINCAT,8479337,460.0,508.0,48.0,2020-02-05
1102,20826,2,CHI,DAVID KAMPF,8480144,460.0,508.0,48.0,2020-02-05
1103,20826,2,BOS,KARSON KUHLMAN,8480901,460.0,508.0,48.0,2020-02-05
1104,20826,2,CHI,CONNOR MURPHY,8476473,502.0,590.0,88.0,2020-02-05
1105,20826,2,BOS,ZDENO CHARA,8465009,508.0,566.0,58.0,2020-02-05
1106,20826,2,CHI,JONATHAN TOEWS,8473604,508.0,564.0,56.0,2020-02-05
1107,20826,2,BOS,CHRIS WAGNER,8475780,508.0,576.0,68.0,2020-02-05
1108,20826,2,CHI,ERIK GUSTAFSSON,8476979,508.0,575.0,67.0,2020-02-05
1109,20826,2,BOS,ANTON BLIDH,8477320,508.0,584.0,76.0,2020-02-05
1110,20826,2,CHI,DOMINIK KUBALIK,8477330,508.0,572.0,64.0,2020-02-05
1111,20826,2,BOS,CHARLIE MCAVOY,8479325,508.0,566.0,58.0,2020-02-05
1112,20826,2,CHI,DRAKE CAGGIULA,8479465,508.0,575.0,67.0,2020-02-05
1113,20826,2,BOS,PAR LINDHOLM,8480944,508.0,571.0,63.0,2020-02-05
1114,20826,2,CHI,KIRBY DACH,8481523,564.0,627.0,63.0,2020-02-05
1115,20826,2,BOS,MATT GRZELCYK,8476891,566.0,617.0,51.0,2020-02-05
1116,20826,2,BOS,JEREMY LAUZON,8478468,566.0,608.0,42.0,2020-02-05
1117,20826,2,BOS,PATRICE BERGERON,8470638,571.0,620.0,49.0,2020-02-05
1118,20826,2,CHI,BRANDON SAAD,8476438,572.0,623.0,51.0,2020-02-05
1119,20826,2,CHI,DUNCAN KEITH,8470281,575.0,627.0,52.0,2020-02-05
1120,20826,2,CHI,PATRICK KANE,8474141,575.0,650.0,75.0,2020-02-05
1121,20826,2,BOS,DAVID PASTRNAK,8477956,576.0,669.0,93.0,2020-02-05
1122,20826,2,BOS,BRAD MARCHAND,8473419,584.0,669.0,85.0,2020-02-05
1123,20826,2,CHI,SLATER KOEKKOEK,8476886,590.0,644.0,54.0,2020-02-05
1124,20826,2,BOS,BRANDON CARLO,8478443,608.0,698.0,90.0,2020-02-05
1125,20826,2,BOS,TOREY KRUG,8476792,617.0,717.0,100.0,2020-02-05
1126,20826,2,BOS,DAVID KREJCI,8471276,620.0,669.0,49.0,2020-02-05
1127,20826,2,CHI,ZACK SMITH,8474250,623.0,627.0,4.0,2020-02-05
1128,20826,2,CHI,OLLI MAATTA,8476874,627.0,677.0,50.0,2020-02-05
1129,20826,2,CHI,RYAN CARPENTER,8477846,627.0,670.0,43.0,2020-02-05
1130,20826,2,CHI,ZACK SMITH,8474250,638.0,685.0,47.0,2020-02-05
1131,20826,2,CHI,ERIK GUSTAFSSON,8476979,644.0,710.0,66.0,2020-02-05
1132,20826,2,CHI,ALEX NYLANDER,8479423,650.0,705.0,55.0,2020-02-05
1133,20826,2,BOS,CHARLIE COYLE,8475745,669.0,769.0,100.0,2020-02-05
1134,20826,2,BOS,JAKE DEBRUSK,8478498,669.0,717.0,48.0,2020-02-05
1135,20826,2,BOS,KARSON KUHLMAN,8480901,669.0,708.0,39.0,2020-02-05
1136,20826,2,CHI,DAVID KAMPF,8480144,670.0,717.0,47.0,2020-02-05
1137,20826,2,CHI,DUNCAN KEITH,8470281,677.0,769.0,92.0,2020-02-05
1138,20826,2,CHI,ALEX DEBRINCAT,8479337,685.0,717.0,32.0,2020-02-05
1139,20826,2,BOS,JEREMY LAUZON,8478468,698.0,769.0,71.0,2020-02-05
1140,20826,2,CHI,DYLAN STROME,8478440,705.0,717.0,12.0,2020-02-05
1141,20826,2,BOS,ANDERS BJORK,8478075,708.0,769.0,61.0,2020-02-05
1142,20826,2,CHI,CONNOR MURPHY,8476473,710.0,769.0,59.0,2020-02-05
1143,20826,2,CHI,JONATHAN TOEWS,8473604,717.0,769.0,52.0,2020-02-05
1144,20826,2,BOS,SEAN KURALY,8476374,717.0,769.0,52.0,2020-02-05
1145,20826,2,BOS,MATT GRZELCYK,8476891,717.0,769.0,52.0,2020-02-05
1146,20826,2,CHI,DOMINIK KUBALIK,8477330,717.0,769.0,52.0,2020-02-05
1147,20826,2,CHI,DRAKE CAGGIULA,8479465,717.0,769.0,52.0,2020-02-05
1148,20826,2,BOS,ZDENO CHARA,8465009,769.0,780.0,11.0,2020-02-05
1149,20826,2,CHI,PATRICK KANE,8474141,769.0,840.0,71.0,2020-02-05
1150,20826,2,BOS,CHRIS WAGNER,8475780,769.0,780.0,11.0,2020-02-05
1151,20826,2,CHI,BRANDON SAAD,8476438,769.0,840.0,71.0,2020-02-05
1152,20826,2,CHI,OLLI MAATTA,8476874,769.0,837.0,68.0,2020-02-05
1153,20826,2,CHI,SLATER KOEKKOEK,8476886,769.0,837.0,68.0,2020-02-05
1154,20826,2,BOS,ANTON BLIDH,8477320,769.0,780.0,11.0,2020-02-05
1155,20826,2,BOS,CHARLIE MCAVOY,8479325,769.0,780.0,11.0,2020-02-05
1156,20826,2,BOS,PAR LINDHOLM,8480944,769.0,780.0,11.0,2020-02-05
1157,20826,2,CHI,KIRBY DACH,8481523,769.0,840.0,71.0,2020-02-05
1158,20826,2,BOS,PATRICE BERGERON,8470638,780.0,840.0,60.0,2020-02-05
1159,20826,2,BOS,BRAD MARCHAND,8473419,780.0,840.0,60.0,2020-02-05
1160,20826,2,BOS,TOREY KRUG,8476792,780.0,824.0,44.0,2020-02-05
1161,20826,2,BOS,DAVID PASTRNAK,8477956,780.0,840.0,60.0,2020-02-05
1162,20826,2,BOS,BRANDON CARLO,8478443,780.0,824.0,44.0,2020-02-05
1163,20826,2,BOS,ZDENO CHARA,8465009,824.0,905.0,81.0,2020-02-05
1164,20826,2,BOS,CHARLIE MCAVOY,8479325,824.0,905.0,81.0,2020-02-05
1165,20826,2,CHI,DUNCAN KEITH,8470281,837.0,889.0,52.0,2020-02-05
1166,20826,2,CHI,ERIK GUSTAFSSON,8476979,837.0,889.0,52.0,2020-02-05
1167,20826,2,CHI,ZACK SMITH,8474250,840.0,882.0,42.0,2020-02-05
1168,20826,2,BOS,CHRIS WAGNER,8475780,840.0,889.0,49.0,2020-02-05
1169,20826,2,BOS,ANTON BLIDH,8477320,840.0,881.0,41.0,2020-02-05
1170,20826,2,CHI,RYAN CARPENTER,8477846,840.0,882.0,42.0,2020-02-05
1171,20826,2,CHI,ALEX NYLANDER,8479423,840.0,889.0,49.0,2020-02-05
1172,20826,2,BOS,PAR LINDHOLM,8480944,840.0,881.0,41.0,2020-02-05
1173,20826,2,BOS,DAVID KREJCI,8471276,881.0,941.0,60.0,2020-02-05
1174,20826,2,BOS,JAKE DEBRUSK,8478498,881.0,952.0,71.0,2020-02-05
1175,20826,2,CHI,ALEX DEBRINCAT,8479337,882.0,940.0,58.0,2020-02-05
1176,20826,2,CHI,DAVID KAMPF,8480144,882.0,940.0,58.0,2020-02-05
1177,20826,2,CHI,CONNOR MURPHY,8476473,889.0,934.0,45.0,2020-02-05
1178,20826,2,CHI,OLLI MAATTA,8476874,889.0,934.0,45.0,2020-02-05
1179,20826,2,CHI,DYLAN STROME,8478440,889.0,953.0,64.0,2020-02-05
1180,20826,2,BOS,KARSON KUHLMAN,8480901,889.0,941.0,52.0,2020-02-05
1181,20826,2,BOS,MATT GRZELCYK,8476891,905.0,941.0,36.0,2020-02-05
1182,20826,2,BOS,JEREMY LAUZON,8478468,905.0,941.0,36.0,2020-02-05
1183,20826,2,CHI,SLATER KOEKKOEK,8476886,934.0,974.0,40.0,2020-02-05
1184,20826,2,CHI,ERIK GUSTAFSSON,8476979,934.0,974.0,40.0,2020-02-05
1185,20826,2,CHI,JONATHAN TOEWS,8473604,940.0,974.0,34.0,2020-02-05
1186,20826,2,CHI,DOMINIK KUBALIK,8477330,940.0,974.0,34.0,2020-02-05
1187,20826,2,BOS,CHARLIE COYLE,8475745,941.0,1003.0,62.0,2020-02-05
1188,20826,2,BOS,TOREY KRUG,8476792,941.0,974.0,33.0,2020-02-05
1189,20826,2,BOS,ANDERS BJORK,8478075,941.0,1003.0,62.0,2020-02-05
1190,20826,2,BOS,BRANDON CARLO,8478443,941.0,974.0,33.0,2020-02-05
1191,20826,2,BOS,SEAN KURALY,8476374,952.0,1003.0,51.0,2020-02-05
1192,20826,2,CHI,DRAKE CAGGIULA,8479465,953.0,974.0,21.0,2020-02-05
1193,20826,2,CHI,DUNCAN KEITH,8470281,974.0,1003.0,29.0,2020-02-05
1194,20826,2,CHI,PATRICK KANE,8474141,974.0,1065.0,91.0,2020-02-05
1195,20826,2,CHI,BRANDON SAAD,8476438,974.0,1003.0,29.0,2020-02-05
1196,20826,2,CHI,CONNOR MURPHY,8476473,974.0,1003.0,29.0,2020-02-05
1197,20826,2,BOS,MATT GRZELCYK,8476891,974.0,1003.0,29.0,2020-02-05
1198,20826,2,BOS,JEREMY LAUZON,8478468,974.0,1003.0,29.0,2020-02-05
1199,20826,2,CHI,KIRBY DACH,8481523,974.0,1065.0,91.0,2020-02-05
1200,20826,2,BOS,ZDENO CHARA,8465009,1003.0,1049.0,46.0,2020-02-05
1201,20826,2,BOS,PATRICE BERGERON,8470638,1003.0,1055.0,52.0,2020-02-05
1202,20826,2,CHI,JONATHAN TOEWS,8473604,1003.0,1065.0,62.0,2020-02-05
1203,20826,2,CHI,ERIK GUSTAFSSON,8476979,1003.0,1095.0,92.0,2020-02-05
1204,20826,2,BOS,ANTON BLIDH,8477320,1003.0,1049.0,46.0,2020-02-05
1205,20826,2,BOS,BRANDON CARLO,8478443,1003.0,1045.0,42.0,2020-02-05
1206,20826,2,CHI,ALEX DEBRINCAT,8479337,1003.0,1065.0,62.0,2020-02-05
1207,20826,2,BOS,CHARLIE MCAVOY,8479325,1045.0,1096.0,51.0,2020-02-05
1208,20826,2,BOS,CHRIS WAGNER,8475780,1049.0,1096.0,47.0,2020-02-05
1209,20826,2,BOS,MATT GRZELCYK,8476891,1049.0,1096.0,47.0,2020-02-05
1210,20826,2,BOS,PAR LINDHOLM,8480944,1055.0,1096.0,41.0,2020-02-05
1211,20826,2,CHI,DUNCAN KEITH,8470281,1065.0,1125.0,60.0,2020-02-05
1212,20826,2,CHI,DOMINIK KUBALIK,8477330,1065.0,1143.0,78.0,2020-02-05
1213,20826,2,CHI,DYLAN STROME,8478440,1065.0,1135.0,70.0,2020-02-05
1214,20826,2,CHI,ALEX NYLANDER,8479423,1065.0,1135.0,70.0,2020-02-05
1215,20826,2,CHI,OLLI MAATTA,8476874,1095.0,1135.0,40.0,2020-02-05
1216,20826,2,BOS,ZDENO CHARA,8465009,1096.0,1172.0,76.0,2020-02-05
1217,20826,2,BOS,CHARLIE COYLE,8475745,1096.0,1151.0,55.0,2020-02-05
1218,20826,2,BOS,BRANDON CARLO,8478443,1096.0,1154.0,58.0,2020-02-05
1219,20826,2,BOS,KARSON KUHLMAN,8480901,1096.0,1160.0,64.0,2020-02-05
1220,20826,2,BOS,JEREMY LAUZON,8478468,1123.0,1140.0,17.0,2020-02-05
1221,20826,2,CHI,CONNOR MURPHY,8476473,1125.0,1200.0,75.0,2020-02-05
1222,20826,2,CHI,SLATER KOEKKOEK,8476886,1135.0,1200.0,65.0,2020-02-05
1223,20826,2,CHI,RYAN CARPENTER,8477846,1135.0,1200.0,65.0,2020-02-05
1224,20826,2,CHI,DAVID KAMPF,8480144,1135.0,1182.0,47.0,2020-02-05
1225,20826,2,BOS,DAVID KREJCI,8471276,1140.0,1200.0,60.0,2020-02-05
1226,20826,2,CHI,ZACK SMITH,8474250,1143.0,1200.0,57.0,2020-02-05
1227,20826,2,BOS,DAVID PASTRNAK,8477956,1151.0,1200.0,49.0,2020-02-05
1228,20826,2,BOS,CHARLIE MCAVOY,8479325,1154.0,1200.0,46.0,2020-02-05
1229,20826,2,BOS,JAKE DEBRUSK,8478498,1160.0,1200.0,40.0,2020-02-05
1230,20826,2,BOS,TOREY KRUG,8476792,1172.0,1200.0,28.0,2020-02-05
1231,20826,2,CHI,JONATHAN TOEWS,8473604,1182.0,1200.0,18.0,2020-02-05
1232,20826,3,CHI,DUNCAN KEITH,8470281,0.0,75.0,75.0,2020-02-05
1233,20826,3,BOS,PATRICE BERGERON,8470638,0.0,21.0,21.0,2020-02-05
1234,20826,3,BOS,JAROSLAV HALAK,8470860,0.0,327.0,327.0,2020-02-05
1235,20826,3,BOS,BRAD MARCHAND,8473419,0.0,21.0,21.0,2020-02-05
1236,20826,3,CHI,JONATHAN TOEWS,8473604,0.0,21.0,21.0,2020-02-05
1237,20826,3,CHI,ROBIN LEHNER,8475215,0.0,1200.0,1200.0,2020-02-05
1238,20826,3,BOS,TOREY KRUG,8476792,0.0,21.0,21.0,2020-02-05
1239,20826,3,CHI,ERIK GUSTAFSSON,8476979,0.0,75.0,75.0,2020-02-05
1240,20826,3,BOS,DAVID PASTRNAK,8477956,0.0,21.0,21.0,2020-02-05
1241,20826,3,CHI,DYLAN STROME,8478440,0.0,21.0,21.0,2020-02-05
1242,20826,3,BOS,BRANDON CARLO,8478443,0.0,21.0,21.0,2020-02-05
1243,20826,3,CHI,ALEX DEBRINCAT,8479337,0.0,21.0,21.0,2020-02-05
1244,20826,3,BOS,ZDENO CHARA,8465009,21.0,67.0,46.0,2020-02-05
1245,20826,3,CHI,PATRICK KANE,8474141,21.0,75.0,54.0,2020-02-05
1246,20826,3,BOS,CHARLIE COYLE,8475745,21.0,67.0,46.0,2020-02-05
1247,20826,3,BOS,SEAN KURALY,8476374,21.0,67.0,46.0,2020-02-05
1248,20826,3,CHI,BRANDON SAAD,8476438,21.0,69.0,48.0,2020-02-05
1249,20826,3,BOS,ANDERS BJORK,8478075,21.0,67.0,46.0,2020-02-05
1250,20826,3,BOS,CHARLIE MCAVOY,8479325,21.0,67.0,46.0,2020-02-05
1251,20826,3,CHI,KIRBY DACH,8481523,21.0,69.0,48.0,2020-02-05
1252,20826,3,BOS,DAVID KREJCI,8471276,67.0,130.0,63.0,2020-02-05
1253,20826,3,BOS,MATT GRZELCYK,8476891,67.0,113.0,46.0,2020-02-05
1254,20826,3,BOS,JEREMY LAUZON,8478468,67.0,113.0,46.0,2020-02-05
1255,20826,3,BOS,JAKE DEBRUSK,8478498,67.0,130.0,63.0,2020-02-05
1256,20826,3,BOS,KARSON KUHLMAN,8480901,67.0,130.0,63.0,2020-02-05
1257,20826,3,CHI,DOMINIK KUBALIK,8477330,69.0,130.0,61.0,2020-02-05
1258,20826,3,CHI,DAVID KAMPF,8480144,69.0,130.0,61.0,2020-02-05
1259,20826,3,CHI,CONNOR MURPHY,8476473,75.0,130.0,55.0,2020-02-05
1260,20826,3,CHI,OLLI MAATTA,8476874,75.0,144.0,69.0,2020-02-05
1261,20826,3,CHI,DRAKE CAGGIULA,8479465,75.0,130.0,55.0,2020-02-05
1262,20826,3,BOS,TOREY KRUG,8476792,113.0,153.0,40.0,2020-02-05
1263,20826,3,BOS,BRANDON CARLO,8478443,113.0,153.0,40.0,2020-02-05
1264,20826,3,CHI,ZACK SMITH,8474250,130.0,199.0,69.0,2020-02-05
1265,20826,3,BOS,CHRIS WAGNER,8475780,130.0,190.0,60.0,2020-02-05
1266,20826,3,CHI,SLATER KOEKKOEK,8476886,130.0,189.0,59.0,2020-02-05
1267,20826,3,BOS,ANTON BLIDH,8477320,130.0,180.0,50.0,2020-02-05
1268,20826,3,CHI,RYAN CARPENTER,8477846,130.0,180.0,50.0,2020-02-05
1269,20826,3,CHI,ALEX NYLANDER,8479423,130.0,207.0,77.0,2020-02-05
1270,20826,3,BOS,PAR LINDHOLM,8480944,130.0,180.0,50.0,2020-02-05
1271,20826,3,CHI,DUNCAN KEITH,8470281,144.0,189.0,45.0,2020-02-05
1272,20826,3,BOS,MATT GRZELCYK,8476891,153.0,180.0,27.0,2020-02-05
1273,20826,3,BOS,JEREMY LAUZON,8478468,153.0,180.0,27.0,2020-02-05
1274,20826,3,BOS,BRAD MARCHAND,8473419,180.0,271.0,91.0,2020-02-05
1275,20826,3,CHI,JONATHAN TOEWS,8473604,180.0,278.0,98.0,2020-02-05
1276,20826,3,BOS,TOREY KRUG,8476792,180.0,277.0,97.0,2020-02-05
1277,20826,3,BOS,DAVID PASTRNAK,8477956,180.0,277.0,97.0,2020-02-05
1278,20826,3,BOS,BRANDON CARLO,8478443,180.0,277.0,97.0,2020-02-05
1279,20826,3,CHI,CONNOR MURPHY,8476473,189.0,246.0,57.0,2020-02-05
1280,20826,3,CHI,ERIK GUSTAFSSON,8476979,189.0,246.0,57.0,2020-02-05
1281,20826,3,BOS,PATRICE BERGERON,8470638,190.0,249.0,59.0,2020-02-05
1282,20826,3,CHI,ALEX DEBRINCAT,8479337,199.0,246.0,47.0,2020-02-05
1283,20826,3,CHI,DYLAN STROME,8478440,207.0,259.0,52.0,2020-02-05
1284,20826,3,CHI,BRANDON SAAD,8476438,246.0,335.0,89.0,2020-02-05
1285,20826,3,CHI,OLLI MAATTA,8476874,246.0,335.0,89.0,2020-02-05
1286,20826,3,CHI,SLATER KOEKKOEK,8476886,246.0,335.0,89.0,2020-02-05
1287,20826,3,BOS,CHARLIE COYLE,8475745,249.0,327.0,78.0,2020-02-05
1288,20826,3,CHI,PATRICK KANE,8474141,259.0,335.0,76.0,2020-02-05
1289,20826,3,BOS,SEAN KURALY,8476374,271.0,334.0,63.0,2020-02-05
1290,20826,3,BOS,ZDENO CHARA,8465009,277.0,334.0,57.0,2020-02-05
1291,20826,3,BOS,ANDERS BJORK,8478075,277.0,334.0,57.0,2020-02-05
1292,20826,3,BOS,CHARLIE MCAVOY,8479325,277.0,353.0,76.0,2020-02-05
1293,20826,3,CHI,KIRBY DACH,8481523,278.0,335.0,57.0,2020-02-05
1294,20826,3,BOS,PATRICE BERGERON,8470638,327.0,478.0,151.0,2020-02-05
1295,20826,3,BOS,DAVID KREJCI,8471276,327.0,353.0,26.0,2020-02-05
1296,20826,3,BOS,BRAD MARCHAND,8473419,334.0,459.0,125.0,2020-02-05
1297,20826,3,BOS,TOREY KRUG,8476792,334.0,476.0,142.0,2020-02-05
1298,20826,3,BOS,DAVID PASTRNAK,8477956,334.0,478.0,144.0,2020-02-05
1299,20826,3,CHI,DUNCAN KEITH,8470281,335.0,406.0,71.0,2020-02-05
1300,20826,3,CHI,CONNOR MURPHY,8476473,335.0,406.0,71.0,2020-02-05
1301,20826,3,CHI,DOMINIK KUBALIK,8477330,335.0,353.0,18.0,2020-02-05
1302,20826,3,CHI,DRAKE CAGGIULA,8479465,335.0,353.0,18.0,2020-02-05
1303,20826,3,CHI,DAVID KAMPF,8480144,335.0,353.0,18.0,2020-02-05
1304,20826,3,BOS,JAROSLAV HALAK,8470860,353.0,1200.0,847.0,2020-02-05
1305,20826,3,CHI,JONATHAN TOEWS,8473604,353.0,372.0,19.0,2020-02-05
1306,20826,3,CHI,RYAN CARPENTER,8477846,353.0,372.0,19.0,2020-02-05
1307,20826,3,BOS,JAKE DEBRUSK,8478498,353.0,411.0,58.0,2020-02-05
1308,20826,3,CHI,ZACK SMITH,8474250,372.0,406.0,34.0,2020-02-05
1309,20826,3,CHI,DAVID KAMPF,8480144,372.0,406.0,34.0,2020-02-05
1310,20826,3,CHI,JONATHAN TOEWS,8473604,406.0,457.0,51.0,2020-02-05
1311,20826,3,CHI,OLLI MAATTA,8476874,406.0,457.0,51.0,2020-02-05
1312,20826,3,CHI,SLATER KOEKKOEK,8476886,406.0,457.0,51.0,2020-02-05
1313,20826,3,CHI,RYAN CARPENTER,8477846,406.0,457.0,51.0,2020-02-05
1314,20826,3,BOS,ANDERS BJORK,8478075,411.0,478.0,67.0,2020-02-05
1315,20826,3,CHI,DUNCAN KEITH,8470281,457.0,497.0,40.0,2020-02-05
1316,20826,3,CHI,ZACK SMITH,8474250,457.0,487.0,30.0,2020-02-05
1317,20826,3,CHI,CONNOR MURPHY,8476473,457.0,497.0,40.0,2020-02-05
1318,20826,3,CHI,DAVID KAMPF,8480144,457.0,487.0,30.0,2020-02-05
1319,20826,3,BOS,DAVID KREJCI,8471276,459.0,548.0,89.0,2020-02-05
1320,20826,3,CHI,BRANDON SAAD,8476438,473.0,545.0,72.0,2020-02-05
1321,20826,3,BOS,CHARLIE MCAVOY,8479325,476.0,548.0,72.0,2020-02-05
1322,20826,3,BOS,MATT GRZELCYK,8476891,478.0,558.0,80.0,2020-02-05
1323,20826,3,BOS,ANTON BLIDH,8477320,478.0,497.0,19.0,2020-02-05
1324,20826,3,BOS,KARSON KUHLMAN,8480901,478.0,548.0,70.0,2020-02-05
1325,20826,3,CHI,PATRICK KANE,8474141,487.0,545.0,58.0,2020-02-05
1326,20826,3,CHI,KIRBY DACH,8481523,487.0,545.0,58.0,2020-02-05
1327,20826,3,CHI,OLLI MAATTA,8476874,497.0,545.0,48.0,2020-02-05
1328,20826,3,CHI,ERIK GUSTAFSSON,8476979,497.0,545.0,48.0,2020-02-05
1329,20826,3,BOS,JAKE DEBRUSK,8478498,497.0,548.0,51.0,2020-02-05
1330,20826,3,CHI,DUNCAN KEITH,8470281,545.0,611.0,66.0,2020-02-05
1331,20826,3,CHI,JONATHAN TOEWS,8473604,545.0,592.0,47.0,2020-02-05
1332,20826,3,CHI,SLATER KOEKKOEK,8476886,545.0,592.0,47.0,2020-02-05
1333,20826,3,CHI,DYLAN STROME,8478440,545.0,598.0,53.0,2020-02-05
1334,20826,3,CHI,ALEX DEBRINCAT,8479337,545.0,598.0,53.0,2020-02-05
1335,20826,3,BOS,CHARLIE COYLE,8475745,548.0,624.0,76.0,2020-02-05
1336,20826,3,BOS,SEAN KURALY,8476374,548.0,636.0,88.0,2020-02-05
1337,20826,3,BOS,ANDERS BJORK,8478075,548.0,589.0,41.0,2020-02-05
1338,20826,3,BOS,BRANDON CARLO,8478443,548.0,598.0,50.0,2020-02-05
1339,20826,3,BOS,ZDENO CHARA,8465009,558.0,621.0,63.0,2020-02-05
1340,20826,3,BOS,CHRIS WAGNER,8475780,589.0,670.0,81.0,2020-02-05
1341,20826,3,CHI,CONNOR MURPHY,8476473,592.0,635.0,43.0,2020-02-05
1342,20826,3,CHI,DAVID KAMPF,8480144,592.0,635.0,43.0,2020-02-05
1343,20826,3,CHI,DOMINIK KUBALIK,8477330,598.0,635.0,37.0,2020-02-05
1344,20826,3,BOS,JEREMY LAUZON,8478468,598.0,644.0,46.0,2020-02-05
1345,20826,3,CHI,DRAKE CAGGIULA,8479465,598.0,635.0,37.0,2020-02-05
1346,20826,3,CHI,ERIK GUSTAFSSON,8476979,611.0,635.0,24.0,2020-02-05
1347,20826,3,BOS,MATT GRZELCYK,8476891,621.0,644.0,23.0,2020-02-05
1348,20826,3,BOS,PAR LINDHOLM,8480944,624.0,701.0,77.0,2020-02-05
1349,20826,3,CHI,ZACK SMITH,8474250,635.0,701.0,66.0,2020-02-05
1350,20826,3,CHI,OLLI MAATTA,8476874,635.0,687.0,52.0,2020-02-05
1351,20826,3,CHI,SLATER KOEKKOEK,8476886,635.0,687.0,52.0,2020-02-05
1352,20826,3,CHI,RYAN CARPENTER,8477846,635.0,701.0,66.0,2020-02-05
1353,20826,3,CHI,ALEX NYLANDER,8479423,635.0,701.0,66.0,2020-02-05
1354,20826,3,BOS,ANTON BLIDH,8477320,636.0,690.0,54.0,2020-02-05
1355,20826,3,BOS,TOREY KRUG,8476792,644.0,701.0,57.0,2020-02-05
1356,20826,3,BOS,CHARLIE MCAVOY,8479325,644.0,765.0,121.0,2020-02-05
1357,20826,3,BOS,DAVID PASTRNAK,8477956,670.0,701.0,31.0,2020-02-05
1358,20826,3,CHI,DUNCAN KEITH,8470281,687.0,753.0,66.0,2020-02-05
1359,20826,3,CHI,ERIK GUSTAFSSON,8476979,687.0,753.0,66.0,2020-02-05
1360,20826,3,BOS,BRAD MARCHAND,8473419,690.0,701.0,11.0,2020-02-05
1361,20826,3,CHI,JONATHAN TOEWS,8473604,701.0,734.0,33.0,2020-02-05
1362,20826,3,BOS,CHARLIE COYLE,8475745,701.0,761.0,60.0,2020-02-05
1363,20826,3,BOS,SEAN KURALY,8476374,701.0,754.0,53.0,2020-02-05
1364,20826,3,CHI,BRANDON SAAD,8476438,701.0,734.0,33.0,2020-02-05
1365,20826,3,BOS,MATT GRZELCYK,8476891,701.0,736.0,35.0,2020-02-05
1366,20826,3,CHI,PATRICK KANE,8474141,734.0,795.0,61.0,2020-02-05
1367,20826,3,CHI,KIRBY DACH,8481523,734.0,790.0,56.0,2020-02-05
1368,20826,3,BOS,TOREY KRUG,8476792,736.0,797.0,61.0,2020-02-05
1369,20826,3,CHI,CONNOR MURPHY,8476473,753.0,826.0,73.0,2020-02-05
1370,20826,3,CHI,OLLI MAATTA,8476874,753.0,826.0,73.0,2020-02-05
1371,20826,3,BOS,DAVID KREJCI,8471276,754.0,797.0,43.0,2020-02-05
1372,20826,3,BOS,JAKE DEBRUSK,8478498,761.0,825.0,64.0,2020-02-05
1373,20826,3,BOS,BRANDON CARLO,8478443,765.0,797.0,32.0,2020-02-05
1374,20826,3,CHI,DYLAN STROME,8478440,790.0,844.0,54.0,2020-02-05
1375,20826,3,CHI,ALEX DEBRINCAT,8479337,795.0,844.0,49.0,2020-02-05
1376,20826,3,BOS,PATRICE BERGERON,8470638,797.0,834.0,37.0,2020-02-05
1377,20826,3,BOS,MATT GRZELCYK,8476891,797.0,834.0,37.0,2020-02-05
1378,20826,3,BOS,CHARLIE MCAVOY,8479325,797.0,834.0,37.0,2020-02-05
1379,20826,3,BOS,DAVID PASTRNAK,8477956,821.0,868.0,47.0,2020-02-05
1380,20826,3,CHI,ALEX NYLANDER,8479423,821.0,826.0,5.0,2020-02-05
1381,20826,3,BOS,BRAD MARCHAND,8473419,825.0,868.0,43.0,2020-02-05
1382,20826,3,CHI,DUNCAN KEITH,8470281,826.0,879.0,53.0,2020-02-05
1383,20826,3,CHI,SLATER KOEKKOEK,8476886,826.0,879.0,53.0,2020-02-05
1384,20826,3,CHI,DAVID KAMPF,8480144,826.0,871.0,45.0,2020-02-05
1385,20826,3,BOS,BRANDON CARLO,8478443,834.0,868.0,34.0,2020-02-05
1386,20826,3,BOS,JEREMY LAUZON,8478468,834.0,878.0,44.0,2020-02-05
1387,20826,3,BOS,PAR LINDHOLM,8480944,834.0,881.0,47.0,2020-02-05
1388,20826,3,CHI,DOMINIK KUBALIK,8477330,844.0,876.0,32.0,2020-02-05
1389,20826,3,CHI,DRAKE CAGGIULA,8479465,844.0,881.0,37.0,2020-02-05
1390,20826,3,BOS,CHRIS WAGNER,8475780,868.0,881.0,13.0,2020-02-05
1391,20826,3,BOS,ANTON BLIDH,8477320,868.0,881.0,13.0,2020-02-05
1392,20826,3,BOS,CHARLIE MCAVOY,8479325,868.0,881.0,13.0,2020-02-05
1393,20826,3,CHI,KIRBY DACH,8481523,871.0,969.0,98.0,2020-02-05
1394,20826,3,CHI,BRANDON SAAD,8476438,876.0,881.0,5.0,2020-02-05
1395,20826,3,BOS,ZDENO CHARA,8465009,878.0,930.0,52.0,2020-02-05
1396,20826,3,CHI,CONNOR MURPHY,8476473,879.0,881.0,2.0,2020-02-05
1397,20826,3,CHI,ERIK GUSTAFSSON,8476979,879.0,969.0,90.0,2020-02-05
1398,20826,3,BOS,PATRICE BERGERON,8470638,881.0,930.0,49.0,2020-02-05
1399,20826,3,BOS,BRAD MARCHAND,8473419,881.0,930.0,49.0,2020-02-05
1400,20826,3,CHI,JONATHAN TOEWS,8473604,881.0,957.0,76.0,2020-02-05
1401,20826,3,CHI,PATRICK KANE,8474141,881.0,957.0,76.0,2020-02-05
1402,20826,3,BOS,BRANDON CARLO,8478443,881.0,930.0,49.0,2020-02-05
1403,20826,3,CHI,ALEX DEBRINCAT,8479337,881.0,957.0,76.0,2020-02-05
1404,20826,3,BOS,ANTON BLIDH,8477320,930.0,957.0,27.0,2020-02-05
1405,20826,3,BOS,JEREMY LAUZON,8478468,930.0,957.0,27.0,2020-02-05
1406,20826,3,BOS,CHARLIE MCAVOY,8479325,930.0,957.0,27.0,2020-02-05
1407,20826,3,BOS,PAR LINDHOLM,8480944,930.0,957.0,27.0,2020-02-05
1408,20826,3,BOS,ZDENO CHARA,8465009,957.0,1006.0,49.0,2020-02-05
1409,20826,3,BOS,CHARLIE COYLE,8475745,957.0,1006.0,49.0,2020-02-05
1410,20826,3,BOS,SEAN KURALY,8476374,957.0,1006.0,49.0,2020-02-05
1411,20826,3,CHI,DOMINIK KUBALIK,8477330,957.0,1006.0,49.0,2020-02-05
1412,20826,3,CHI,DYLAN STROME,8478440,957.0,1006.0,49.0,2020-02-05
1413,20826,3,BOS,BRANDON CARLO,8478443,957.0,1006.0,49.0,2020-02-05
1414,20826,3,CHI,ALEX NYLANDER,8479423,957.0,1006.0,49.0,2020-02-05
1415,20826,3,CHI,DUNCAN KEITH,8470281,969.0,1006.0,37.0,2020-02-05
1416,20826,3,CHI,ERIK GUSTAFSSON,8476979,979.0,989.0,10.0,2020-02-05
1417,20826,3,CHI,OLLI MAATTA,8476874,989.0,1042.0,53.0,2020-02-05
1418,20826,3,BOS,CHRIS WAGNER,8475780,1001.0,1006.0,5.0,2020-02-05
1419,20826,3,BOS,PATRICE BERGERON,8470638,1006.0,1037.0,31.0,2020-02-05
1420,20826,3,BOS,BRAD MARCHAND,8473419,1006.0,1135.0,129.0,2020-02-05
1421,20826,3,CHI,ZACK SMITH,8474250,1006.0,1054.0,48.0,2020-02-05
1422,20826,3,CHI,CONNOR MURPHY,8476473,1006.0,1042.0,36.0,2020-02-05
1423,20826,3,BOS,MATT GRZELCYK,8476891,1006.0,1047.0,41.0,2020-02-05
1424,20826,3,CHI,RYAN CARPENTER,8477846,1006.0,1039.0,33.0,2020-02-05
1425,20826,3,BOS,DAVID PASTRNAK,8477956,1006.0,1135.0,129.0,2020-02-05
1426,20826,3,BOS,JEREMY LAUZON,8478468,1006.0,1047.0,41.0,2020-02-05
1427,20826,3,CHI,DAVID KAMPF,8480144,1006.0,1048.0,42.0,2020-02-05
1428,20826,3,BOS,DAVID KREJCI,8471276,1037.0,1054.0,17.0,2020-02-05
1429,20826,3,CHI,PATRICK KANE,8474141,1039.0,1054.0,15.0,2020-02-05
1430,20826,3,CHI,DUNCAN KEITH,8470281,1042.0,1106.0,64.0,2020-02-05
1431,20826,3,CHI,SLATER KOEKKOEK,8476886,1042.0,1054.0,12.0,2020-02-05
1432,20826,3,BOS,TOREY KRUG,8476792,1047.0,1135.0,88.0,2020-02-05
1433,20826,3,BOS,CHARLIE MCAVOY,8479325,1047.0,1054.0,7.0,2020-02-05
1434,20826,3,CHI,KIRBY DACH,8481523,1048.0,1054.0,6.0,2020-02-05
1435,20826,3,BOS,PATRICE BERGERON,8470638,1054.0,1135.0,81.0,2020-02-05
1436,20826,3,CHI,JONATHAN TOEWS,8473604,1054.0,1068.0,14.0,2020-02-05
1437,20826,3,CHI,CONNOR MURPHY,8476473,1054.0,1106.0,52.0,2020-02-05
1438,20826,3,CHI,RYAN CARPENTER,8477846,1054.0,1066.0,12.0,2020-02-05
1439,20826,3,BOS,JAKE DEBRUSK,8478498,1054.0,1108.0,54.0,2020-02-05
1440,20826,3,CHI,DAVID KAMPF,8480144,1066.0,1106.0,40.0,2020-02-05
1441,20826,3,CHI,BRANDON SAAD,8476438,1068.0,1106.0,38.0,2020-02-05
1442,20826,3,CHI,JONATHAN TOEWS,8473604,1106.0,1178.0,72.0,2020-02-05
1443,20826,3,CHI,OLLI MAATTA,8476874,1106.0,1135.0,29.0,2020-02-05
1444,20826,3,CHI,SLATER KOEKKOEK,8476886,1106.0,1135.0,29.0,2020-02-05
1445,20826,3,CHI,DRAKE CAGGIULA,8479465,1106.0,1135.0,29.0,2020-02-05
1446,20826,3,BOS,DAVID KREJCI,8471276,1108.0,1179.0,71.0,2020-02-05
1447,20826,3,CHI,DUNCAN KEITH,8470281,1135.0,1200.0,65.0,2020-02-05
1448,20826,3,BOS,CHARLIE COYLE,8475745,1135.0,1179.0,44.0,2020-02-05
1449,20826,3,CHI,BRANDON SAAD,8476438,1135.0,1167.0,32.0,2020-02-05
1450,20826,3,BOS,MATT GRZELCYK,8476891,1135.0,1151.0,16.0,2020-02-05
1451,20826,3,CHI,ERIK GUSTAFSSON,8476979,1135.0,1163.0,28.0,2020-02-05
1452,20826,3,BOS,CHARLIE MCAVOY,8479325,1135.0,1161.0,26.0,2020-02-05
1453,20826,3,BOS,ZDENO CHARA,8465009,1151.0,1200.0,49.0,2020-02-05
1454,20826,3,BOS,BRANDON CARLO,8478443,1161.0,1200.0,39.0,2020-02-05
1455,20826,3,CHI,OLLI MAATTA,8476874,1163.0,1194.0,31.0,2020-02-05
1456,20826,3,CHI,PATRICK KANE,8474141,1167.0,1200.0,33.0,2020-02-05
1457,20826,3,CHI,ZACK SMITH,8474250,1174.0,1178.0,4.0,2020-02-05
1458,20826,3,CHI,ALEX DEBRINCAT,8479337,1178.0,1200.0,22.0,2020-02-05
1459,20826,3,CHI,KIRBY DACH,8481523,1178.0,1200.0,22.0,2020-02-05
1460,20826,3,BOS,PATRICE BERGERON,8470638,1179.0,1200.0,21.0,2020-02-05
1461,20826,3,BOS,SEAN KURALY,8476374,1179.0,1200.0,21.0,2020-02-05
1462,20826,3,CHI,DYLAN STROME,8478440,1194.0,1200.0,6.0,2020-02-05
1463,20826,4,BOS,ZDENO CHARA,8465009,0.0,65.0,65.0,2020-02-05
1464,20826,4,BOS,PATRICE BERGERON,8470638,0.0,65.0,65.0,2020-02-05
1465,20826,4,BOS,JAROSLAV HALAK,8470860,0.0,79.0,79.0,2020-02-05
1466,20826,4,CHI,JONATHAN TOEWS,8473604,0.0,78.0,78.0,2020-02-05
1467,20826,4,CHI,PATRICK KANE,8474141,0.0,66.0,66.0,2020-02-05
1468,20826,4,CHI,ROBIN LEHNER,8475215,0.0,79.0,79.0,2020-02-05
1469,20826,4,CHI,ERIK GUSTAFSSON,8476979,0.0,74.0,74.0,2020-02-05
1470,20826,4,BOS,BRANDON CARLO,8478443,0.0,65.0,65.0,2020-02-05
1471,20826,4,CHI,ALEX DEBRINCAT,8479337,0.0,53.0,53.0,2020-02-05
1472,20826,4,CHI,DUNCAN KEITH,8470281,53.0,79.0,26.0,2020-02-05
1473,20826,4,BOS,TOREY KRUG,8476792,55.0,76.0,21.0,2020-02-05
1474,20826,4,BOS,DAVID KREJCI,8471276,65.0,79.0,14.0,2020-02-05
1475,20826,4,BOS,JAKE DEBRUSK,8478498,65.0,79.0,14.0,2020-02-05
1476,20826,4,BOS,CHARLIE MCAVOY,8479325,65.0,79.0,14.0,2020-02-05
1477,20826,4,CHI,KIRBY DACH,8481523,66.0,79.0,13.0,2020-02-05
1478,20826,4,CHI,CONNOR MURPHY,8476473,74.0,79.0,5.0,2020-02-05
1479,20826,4,BOS,MATT GRZELCYK,8476891,76.0,79.0,3.0,2020-02-05
1480,20826,4,CHI,BRANDON SAAD,8476438,78.0,79.0,1.0,2020-02-05
